challenge_id,task_type,language_register,complexity_level,challenge_split,short_parse_success,short_query_exact,short_correct,short_status,short_latency_ms,long_parse_success,long_query_exact,long_correct,long_latency_ms,long_parser_latency_ms,llm_calls,input_tokens,output_tokens,invalid_responses,long_status,outcome
core-cardinal_direction-01,cardinal_direction,natural_msa,L1,dev,False,False,False,unsupported,0.008542000000000272,,,,,,,,,,not_run,not_evaluated
core-cardinal_direction-02,cardinal_direction,natural_msa,L1,dev,False,False,False,unsupported,0.002041999999993771,,,,,,,,,,not_run,not_evaluated
core-cardinal_direction-03,cardinal_direction,natural_msa,L1,dev,False,False,False,unsupported,0.0013749999999979057,,,,,,,,,,not_run,not_evaluated
core-cardinal_direction-05,cardinal_direction,natural_msa,L1,dev,False,False,False,unsupported,0.0012919999999999598,,,,,,,,,,not_run,not_evaluated
core-cardinal_direction-06,cardinal_direction,natural_msa,L1,dev,False,False,False,unsupported,0.0014170000000035543,,,,,,,,,,not_run,not_evaluated
core-cardinal_direction-08,cardinal_direction,natural_msa,L1,dev,False,False,False,unsupported,0.0014580000000097293,,,,,,,,,,not_run,not_evaluated
core-cardinal_direction-09,cardinal_direction,natural_msa,L3,dev,False,False,False,unsupported,0.001209000000002014,,,,,,,,,,not_run,not_evaluated
core-cardinal_direction-11,cardinal_direction,natural_msa,L3,dev,False,False,False,unsupported,0.0012919999999999598,,,,,,,,,,not_run,not_evaluated
core-cardinal_direction-13,cardinal_direction,natural_msa,L4,dev,False,False,False,unsupported,0.0012499999999943112,,,,,,,,,,not_run,not_evaluated
core-cardinal_direction-15,cardinal_direction,natural_msa,L4,dev,False,False,False,unsupported,0.0014170000000035543,,,,,,,,,,not_run,not_evaluated
core-cardinal_direction-17,cardinal_direction,conversational,L2,dev,False,False,False,unsupported,0.0012910000000004862,,,,,,,,,,not_run,not_evaluated
core-cardinal_direction-18,cardinal_direction,conversational,L2,dev,False,False,False,unsupported,0.0012080000000025404,,,,,,,,,,not_run,not_evaluated
core-cardinal_direction-20,cardinal_direction,conversational,L2,dev,False,False,False,unsupported,0.0011670000000102432,,,,,,,,,,not_run,not_evaluated
core-cardinal_direction-21,cardinal_direction,conversational,L2,dev,False,False,False,unsupported,0.0012080000000025404,,,,,,,,,,not_run,not_evaluated
core-cardinal_direction-23,cardinal_direction,conversational,L2,dev,False,False,False,unsupported,0.006333999999996731,,,,,,,,,,not_run,not_evaluated
core-cardinal_direction-25,cardinal_direction,conversational,L3,dev,False,False,False,unsupported,0.0012499999999943112,,,,,,,,,,not_run,not_evaluated
core-cardinal_direction-27,cardinal_direction,conversational,L3,dev,False,False,False,unsupported,0.0011659999999968917,,,,,,,,,,not_run,not_evaluated
core-cardinal_direction-29,cardinal_direction,light_saudi,L1,dev,False,False,False,unsupported,0.0012499999999943112,,,,,,,,,,not_run,not_evaluated
core-cardinal_direction-30,cardinal_direction,light_saudi,L1,dev,False,False,False,unsupported,0.0013749999999979057,,,,,,,,,,not_run,not_evaluated
core-cardinal_direction-32,cardinal_direction,light_saudi,L1,dev,False,False,False,unsupported,0.001709000000002514,,,,,,,,,,not_run,not_evaluated
core-cardinal_direction-33,cardinal_direction,light_saudi,L2,dev,False,False,False,unsupported,0.001250000000008189,,,,,,,,,,not_run,not_evaluated
core-cardinal_direction-35,cardinal_direction,light_saudi,L2,dev,False,False,False,unsupported,0.001250000000008189,,,,,,,,,,not_run,not_evaluated
core-cardinal_direction-37,cardinal_direction,indirect_compositional,L4,dev,False,False,False,unsupported,0.0011659999999968917,,,,,,,,,,not_run,not_evaluated
core-cardinal_direction-39,cardinal_direction,indirect_compositional,L4,dev,False,False,False,unsupported,0.0012910000000004862,,,,,,,,,,not_run,not_evaluated
core-closer_of_two-01,closer_of_two,natural_msa,L1,dev,False,False,False,unsupported,0.001332999999992257,,,,,,,,,,not_run,not_evaluated
core-closer_of_two-02,closer_of_two,natural_msa,L1,dev,False,False,False,unsupported,0.0011669999999963654,,,,,,,,,,not_run,not_evaluated
core-closer_of_two-03,closer_of_two,natural_msa,L1,dev,False,False,False,unsupported,0.001332999999992257,,,,,,,,,,not_run,not_evaluated
core-closer_of_two-05,closer_of_two,natural_msa,L1,dev,False,False,False,unsupported,0.0012080000000025404,,,,,,,,,,not_run,not_evaluated
core-closer_of_two-06,closer_of_two,natural_msa,L1,dev,False,False,False,unsupported,0.0012080000000025404,,,,,,,,,,not_run,not_evaluated
core-closer_of_two-08,closer_of_two,natural_msa,L1,dev,False,False,False,unsupported,0.0012919999999999598,,,,,,,,,,not_run,not_evaluated
core-closer_of_two-09,closer_of_two,natural_msa,L3,dev,False,False,False,unsupported,0.0011670000000102432,,,,,,,,,,not_run,not_evaluated
core-closer_of_two-11,closer_of_two,natural_msa,L3,dev,False,False,False,unsupported,0.0012499999999943112,,,,,,,,,,not_run,not_evaluated
core-closer_of_two-13,closer_of_two,natural_msa,L4,dev,False,False,False,unsupported,0.0012080000000025404,,,,,,,,,,not_run,not_evaluated
core-closer_of_two-15,closer_of_two,natural_msa,L4,dev,False,False,False,unsupported,0.0011249999999907168,,,,,,,,,,not_run,not_evaluated
core-closer_of_two-17,closer_of_two,conversational,L2,dev,False,False,False,unsupported,0.0011670000000102432,,,,,,,,,,not_run,not_evaluated
core-closer_of_two-18,closer_of_two,conversational,L2,dev,False,False,False,unsupported,0.0012499999999943112,,,,,,,,,,not_run,not_evaluated
core-closer_of_two-20,closer_of_two,conversational,L2,dev,False,False,False,unsupported,0.0013330000000061348,,,,,,,,,,not_run,not_evaluated
core-closer_of_two-21,closer_of_two,conversational,L2,dev,False,False,False,unsupported,0.0013749999999979057,,,,,,,,,,not_run,not_evaluated
core-closer_of_two-23,closer_of_two,conversational,L2,dev,False,False,False,unsupported,0.0011669999999963654,,,,,,,,,,not_run,not_evaluated
core-closer_of_two-25,closer_of_two,conversational,L3,dev,False,False,False,unsupported,0.0012499999999943112,,,,,,,,,,not_run,not_evaluated
core-closer_of_two-27,closer_of_two,conversational,L3,dev,False,False,False,unsupported,0.001250000000008189,,,,,,,,,,not_run,not_evaluated
core-closer_of_two-29,closer_of_two,light_saudi,L1,dev,False,False,False,unsupported,0.0012079999999886626,,,,,,,,,,not_run,not_evaluated
core-closer_of_two-30,closer_of_two,light_saudi,L1,dev,False,False,False,unsupported,0.0013330000000061348,,,,,,,,,,not_run,not_evaluated
core-closer_of_two-32,closer_of_two,light_saudi,L1,dev,False,False,False,unsupported,0.0012499999999943112,,,,,,,,,,not_run,not_evaluated
core-closer_of_two-33,closer_of_two,light_saudi,L2,dev,False,False,False,unsupported,0.0011669999999963654,,,,,,,,,,not_run,not_evaluated
core-closer_of_two-35,closer_of_two,light_saudi,L2,dev,False,False,False,unsupported,0.0011250000000045945,,,,,,,,,,not_run,not_evaluated
core-closer_of_two-37,closer_of_two,indirect_compositional,L4,dev,False,False,False,unsupported,0.0013340000000056085,,,,,,,,,,not_run,not_evaluated
core-closer_of_two-39,closer_of_two,indirect_compositional,L4,dev,False,False,False,unsupported,0.0012910000000004862,,,,,,,,,,not_run,not_evaluated
core-count_within_radius-01,count_within_radius,natural_msa,L1,dev,False,False,False,unsupported,0.0012910000000004862,,,,,,,,,,not_run,not_evaluated
core-count_within_radius-02,count_within_radius,natural_msa,L1,dev,False,False,False,unsupported,0.0012499999999943112,,,,,,,,,,not_run,not_evaluated
core-count_within_radius-03,count_within_radius,natural_msa,L1,dev,False,False,False,unsupported,0.0013330000000061348,,,,,,,,,,not_run,not_evaluated
core-count_within_radius-05,count_within_radius,natural_msa,L1,dev,False,False,False,unsupported,0.0011669999999963654,,,,,,,,,,not_run,not_evaluated
core-count_within_radius-06,count_within_radius,natural_msa,L1,dev,False,False,False,unsupported,0.0012089999999881362,,,,,,,,,,not_run,not_evaluated
core-count_within_radius-08,count_within_radius,natural_msa,L1,dev,False,False,False,unsupported,0.0013339999999917307,,,,,,,,,,not_run,not_evaluated
core-count_within_radius-09,count_within_radius,natural_msa,L3,dev,False,False,False,unsupported,0.0012499999999943112,,,,,,,,,,not_run,not_evaluated
core-count_within_radius-11,count_within_radius,natural_msa,L3,dev,False,False,False,unsupported,0.0012499999999943112,,,,,,,,,,not_run,not_evaluated
core-count_within_radius-13,count_within_radius,natural_msa,L4,dev,False,False,False,unsupported,0.0014159999999902029,,,,,,,,,,not_run,not_evaluated
core-count_within_radius-15,count_within_radius,natural_msa,L4,dev,False,False,False,unsupported,0.0011250000000045945,,,,,,,,,,not_run,not_evaluated
core-count_within_radius-17,count_within_radius,conversational,L2,dev,False,False,False,unsupported,0.0012499999999943112,,,,,,,,,,not_run,not_evaluated
core-count_within_radius-18,count_within_radius,conversational,L2,dev,False,False,False,unsupported,0.0013750000000117835,,,,,,,,,,not_run,not_evaluated
core-count_within_radius-20,count_within_radius,conversational,L2,dev,False,False,False,unsupported,0.001250000000008189,,,,,,,,,,not_run,not_evaluated
core-count_within_radius-21,count_within_radius,conversational,L2,dev,False,False,False,unsupported,0.0013750000000117835,,,,,,,,,,not_run,not_evaluated
core-count_within_radius-23,count_within_radius,conversational,L2,dev,False,False,False,unsupported,0.0012499999999943112,,,,,,,,,,not_run,not_evaluated
core-count_within_radius-25,count_within_radius,conversational,L3,dev,False,False,False,unsupported,0.0016250000000050946,,,,,,,,,,not_run,not_evaluated
core-count_within_radius-27,count_within_radius,conversational,L3,dev,False,False,False,unsupported,0.001250000000008189,,,,,,,,,,not_run,not_evaluated
core-count_within_radius-29,count_within_radius,light_saudi,L1,dev,False,False,False,unsupported,0.0013340000000056085,,,,,,,,,,not_run,not_evaluated
core-count_within_radius-30,count_within_radius,light_saudi,L1,dev,False,False,False,unsupported,0.0012080000000025404,,,,,,,,,,not_run,not_evaluated
core-count_within_radius-32,count_within_radius,light_saudi,L1,dev,False,False,False,unsupported,0.0012080000000025404,,,,,,,,,,not_run,not_evaluated
core-count_within_radius-33,count_within_radius,light_saudi,L2,dev,False,False,False,unsupported,0.0011669999999963654,,,,,,,,,,not_run,not_evaluated
core-count_within_radius-35,count_within_radius,light_saudi,L2,dev,False,False,False,unsupported,0.0012910000000004862,,,,,,,,,,not_run,not_evaluated
core-count_within_radius-37,count_within_radius,indirect_compositional,L4,dev,False,False,False,unsupported,0.0012499999999943112,,,,,,,,,,not_run,not_evaluated
core-count_within_radius-39,count_within_radius,indirect_compositional,L4,dev,False,False,False,unsupported,0.0011659999999968917,,,,,,,,,,not_run,not_evaluated
core-nearest_category-01,nearest_category,natural_msa,L1,dev,False,False,False,unsupported,0.0013330000000061348,,,,,,,,,,not_run,not_evaluated
core-nearest_category-02,nearest_category,natural_msa,L1,dev,False,False,False,unsupported,0.001209000000002014,,,,,,,,,,not_run,not_evaluated
core-nearest_category-03,nearest_category,natural_msa,L1,dev,False,False,False,unsupported,0.0011249999999907168,,,,,,,,,,not_run,not_evaluated
core-nearest_category-05,nearest_category,natural_msa,L1,dev,False,False,False,unsupported,0.0012080000000025404,,,,,,,,,,not_run,not_evaluated
core-nearest_category-06,nearest_category,natural_msa,L1,dev,False,False,False,unsupported,0.0011250000000045945,,,,,,,,,,not_run,not_evaluated
core-nearest_category-08,nearest_category,natural_msa,L1,dev,False,False,False,unsupported,0.0012499999999943112,,,,,,,,,,not_run,not_evaluated
core-nearest_category-09,nearest_category,natural_msa,L3,dev,False,False,False,unsupported,0.0012499999999943112,,,,,,,,,,not_run,not_evaluated
core-nearest_category-11,nearest_category,natural_msa,L3,dev,False,False,False,unsupported,0.001209000000002014,,,,,,,,,,not_run,not_evaluated
core-nearest_category-13,nearest_category,natural_msa,L4,dev,False,False,False,unsupported,0.001209000000002014,,,,,,,,,,not_run,not_evaluated
core-nearest_category-15,nearest_category,natural_msa,L4,dev,False,False,False,unsupported,0.0012499999999943112,,,,,,,,,,not_run,not_evaluated
core-nearest_category-17,nearest_category,conversational,L2,dev,False,False,False,unsupported,0.001332999999992257,,,,,,,,,,not_run,not_evaluated
core-nearest_category-18,nearest_category,conversational,L2,dev,False,False,False,unsupported,0.0011670000000102432,,,,,,,,,,not_run,not_evaluated
core-nearest_category-20,nearest_category,conversational,L2,dev,False,False,False,unsupported,0.0012919999999999598,,,,,,,,,,not_run,not_evaluated
core-nearest_category-21,nearest_category,conversational,L2,dev,False,False,False,unsupported,0.001209000000002014,,,,,,,,,,not_run,not_evaluated
core-nearest_category-23,nearest_category,conversational,L2,dev,False,False,False,unsupported,0.0013330000000061348,,,,,,,,,,not_run,not_evaluated
core-nearest_category-25,nearest_category,conversational,L3,dev,False,False,False,unsupported,0.0011660000000107695,,,,,,,,,,not_run,not_evaluated
core-nearest_category-27,nearest_category,conversational,L3,dev,False,False,False,unsupported,0.0012089999999881362,,,,,,,,,,not_run,not_evaluated
core-nearest_category-29,nearest_category,light_saudi,L1,dev,False,False,False,unsupported,0.0013749999999979057,,,,,,,,,,not_run,not_evaluated
core-nearest_category-30,nearest_category,light_saudi,L1,dev,False,False,False,unsupported,0.0012080000000025404,,,,,,,,,,not_run,not_evaluated
core-nearest_category-32,nearest_category,light_saudi,L1,dev,False,False,False,unsupported,0.0012089999999881362,,,,,,,,,,not_run,not_evaluated
core-nearest_category-33,nearest_category,light_saudi,L2,dev,False,False,False,unsupported,0.0012910000000004862,,,,,,,,,,not_run,not_evaluated
core-nearest_category-35,nearest_category,light_saudi,L2,dev,False,False,False,unsupported,0.0012079999999886626,,,,,,,,,,not_run,not_evaluated
core-nearest_category-37,nearest_category,indirect_compositional,L4,dev,False,False,False,unsupported,0.0012919999999999598,,,,,,,,,,not_run,not_evaluated
core-nearest_category-39,nearest_category,indirect_compositional,L4,dev,False,False,False,unsupported,0.0013330000000061348,,,,,,,,,,not_run,not_evaluated
core-nearest_of_two_categories-01,nearest_of_two_categories,natural_msa,L1,dev,False,False,False,unsupported,0.0021250000000055946,,,,,,,,,,not_run,not_evaluated
core-nearest_of_two_categories-02,nearest_of_two_categories,natural_msa,L1,dev,False,False,False,unsupported,0.0012080000000025404,,,,,,,,,,not_run,not_evaluated
core-nearest_of_two_categories-03,nearest_of_two_categories,natural_msa,L1,dev,False,False,False,unsupported,0.0012080000000025404,,,,,,,,,,not_run,not_evaluated
core-nearest_of_two_categories-05,nearest_of_two_categories,natural_msa,L1,dev,False,False,False,unsupported,0.0012499999999943112,,,,,,,,,,not_run,not_evaluated
core-nearest_of_two_categories-06,nearest_of_two_categories,natural_msa,L1,dev,False,False,False,unsupported,0.001209000000002014,,,,,,,,,,not_run,not_evaluated
core-nearest_of_two_categories-08,nearest_of_two_categories,natural_msa,L1,dev,False,False,False,unsupported,0.0013340000000056085,,,,,,,,,,not_run,not_evaluated
core-nearest_of_two_categories-09,nearest_of_two_categories,natural_msa,L3,dev,False,False,False,unsupported,0.0011249999999907168,,,,,,,,,,not_run,not_evaluated
core-nearest_of_two_categories-11,nearest_of_two_categories,natural_msa,L3,dev,False,False,False,unsupported,0.0012080000000025404,,,,,,,,,,not_run,not_evaluated
core-nearest_of_two_categories-13,nearest_of_two_categories,natural_msa,L4,dev,False,False,False,unsupported,0.001250000000008189,,,,,,,,,,not_run,not_evaluated
core-nearest_of_two_categories-15,nearest_of_two_categories,natural_msa,L4,dev,False,False,False,unsupported,0.0012919999999999598,,,,,,,,,,not_run,not_evaluated
core-nearest_of_two_categories-17,nearest_of_two_categories,conversational,L2,dev,False,False,False,unsupported,0.0012910000000004862,,,,,,,,,,not_run,not_evaluated
core-nearest_of_two_categories-18,nearest_of_two_categories,conversational,L2,dev,False,False,False,unsupported,0.0011249999999907168,,,,,,,,,,not_run,not_evaluated
core-nearest_of_two_categories-20,nearest_of_two_categories,conversational,L2,dev,False,False,False,unsupported,0.0011659999999968917,,,,,,,,,,not_run,not_evaluated
core-nearest_of_two_categories-21,nearest_of_two_categories,conversational,L2,dev,False,False,False,unsupported,0.0014159999999902029,,,,,,,,,,not_run,not_evaluated
core-nearest_of_two_categories-23,nearest_of_two_categories,conversational,L2,dev,False,False,False,unsupported,0.0011669999999963654,,,,,,,,,,not_run,not_evaluated
core-nearest_of_two_categories-25,nearest_of_two_categories,conversational,L3,dev,False,False,False,unsupported,0.0012499999999943112,,,,,,,,,,not_run,not_evaluated
core-nearest_of_two_categories-27,nearest_of_two_categories,conversational,L3,dev,False,False,False,unsupported,0.0012919999999999598,,,,,,,,,,not_run,not_evaluated
core-nearest_of_two_categories-29,nearest_of_two_categories,light_saudi,L1,dev,False,False,False,unsupported,0.0011250000000045945,,,,,,,,,,not_run,not_evaluated
core-nearest_of_two_categories-30,nearest_of_two_categories,light_saudi,L1,dev,False,False,False,unsupported,0.0012910000000004862,,,,,,,,,,not_run,not_evaluated
core-nearest_of_two_categories-32,nearest_of_two_categories,light_saudi,L1,dev,False,False,False,unsupported,0.001250000000008189,,,,,,,,,,not_run,not_evaluated
core-nearest_of_two_categories-33,nearest_of_two_categories,light_saudi,L2,dev,False,False,False,unsupported,0.0013749999999979057,,,,,,,,,,not_run,not_evaluated
core-nearest_of_two_categories-35,nearest_of_two_categories,light_saudi,L2,dev,False,False,False,unsupported,0.0014170000000035543,,,,,,,,,,not_run,not_evaluated
core-nearest_of_two_categories-37,nearest_of_two_categories,indirect_compositional,L4,dev,False,False,False,unsupported,0.0012919999999999598,,,,,,,,,,not_run,not_evaluated
core-nearest_of_two_categories-39,nearest_of_two_categories,indirect_compositional,L4,dev,False,False,False,unsupported,0.0011659999999968917,,,,,,,,,,not_run,not_evaluated
core-spatial_multi_constraint-01,spatial_multi_constraint,natural_msa,L1,dev,False,False,False,unsupported,0.002000000000002,,,,,,,,,,not_run,not_evaluated
core-spatial_multi_constraint-02,spatial_multi_constraint,natural_msa,L1,dev,False,False,False,unsupported,0.001209000000002014,,,,,,,,,,not_run,not_evaluated
core-spatial_multi_constraint-03,spatial_multi_constraint,natural_msa,L1,dev,False,False,False,unsupported,0.0012080000000025404,,,,,,,,,,not_run,not_evaluated
core-spatial_multi_constraint-05,spatial_multi_constraint,natural_msa,L1,dev,False,False,False,unsupported,0.0011669999999963654,,,,,,,,,,not_run,not_evaluated
core-spatial_multi_constraint-06,spatial_multi_constraint,natural_msa,L1,dev,False,False,False,unsupported,0.001250000000008189,,,,,,,,,,not_run,not_evaluated
core-spatial_multi_constraint-08,spatial_multi_constraint,natural_msa,L1,dev,False,False,False,unsupported,0.0012919999999999598,,,,,,,,,,not_run,not_evaluated
core-spatial_multi_constraint-09,spatial_multi_constraint,natural_msa,L3,dev,False,False,False,unsupported,0.0012499999999943112,,,,,,,,,,not_run,not_evaluated
core-spatial_multi_constraint-11,spatial_multi_constraint,natural_msa,L3,dev,False,False,False,unsupported,0.001250000000008189,,,,,,,,,,not_run,not_evaluated
core-spatial_multi_constraint-13,spatial_multi_constraint,natural_msa,L4,dev,False,False,False,unsupported,0.0011669999999963654,,,,,,,,,,not_run,not_evaluated
core-spatial_multi_constraint-15,spatial_multi_constraint,natural_msa,L4,dev,False,False,False,unsupported,0.0010839999999984196,,,,,,,,,,not_run,not_evaluated
core-spatial_multi_constraint-17,spatial_multi_constraint,conversational,L2,dev,False,False,False,unsupported,0.0011660000000107695,,,,,,,,,,not_run,not_evaluated
core-spatial_multi_constraint-18,spatial_multi_constraint,conversational,L2,dev,False,False,False,unsupported,0.0011669999999963654,,,,,,,,,,not_run,not_evaluated
core-spatial_multi_constraint-20,spatial_multi_constraint,conversational,L2,dev,False,False,False,unsupported,0.0012080000000025404,,,,,,,,,,not_run,not_evaluated
core-spatial_multi_constraint-21,spatial_multi_constraint,conversational,L2,dev,False,False,False,unsupported,0.0012499999999943112,,,,,,,,,,not_run,not_evaluated
core-spatial_multi_constraint-23,spatial_multi_constraint,conversational,L2,dev,False,False,False,unsupported,0.0012919999999999598,,,,,,,,,,not_run,not_evaluated
core-spatial_multi_constraint-25,spatial_multi_constraint,conversational,L3,dev,False,False,False,unsupported,0.0011250000000045945,,,,,,,,,,not_run,not_evaluated
core-spatial_multi_constraint-27,spatial_multi_constraint,conversational,L3,dev,False,False,False,unsupported,0.0011250000000045945,,,,,,,,,,not_run,not_evaluated
core-spatial_multi_constraint-29,spatial_multi_constraint,light_saudi,L1,dev,False,False,False,unsupported,0.0012080000000025404,,,,,,,,,,not_run,not_evaluated
core-spatial_multi_constraint-30,spatial_multi_constraint,light_saudi,L1,dev,False,False,False,unsupported,0.0012080000000025404,,,,,,,,,,not_run,not_evaluated
core-spatial_multi_constraint-32,spatial_multi_constraint,light_saudi,L1,dev,False,False,False,unsupported,0.0011659999999968917,,,,,,,,,,not_run,not_evaluated
core-spatial_multi_constraint-33,spatial_multi_constraint,light_saudi,L2,dev,False,False,False,unsupported,0.0011250000000045945,,,,,,,,,,not_run,not_evaluated
core-spatial_multi_constraint-35,spatial_multi_constraint,light_saudi,L2,dev,False,False,False,unsupported,0.0012080000000025404,,,,,,,,,,not_run,not_evaluated
core-spatial_multi_constraint-37,spatial_multi_constraint,indirect_compositional,L4,dev,False,False,False,unsupported,0.001209000000002014,,,,,,,,,,not_run,not_evaluated
core-spatial_multi_constraint-39,spatial_multi_constraint,indirect_compositional,L4,dev,False,False,False,unsupported,0.0011249999999907168,,,,,,,,,,not_run,not_evaluated
core-two_hop_nearest-01,two_hop_nearest,natural_msa,L1,dev,False,False,False,unsupported,0.0011659999999968917,,,,,,,,,,not_run,not_evaluated
core-two_hop_nearest-02,two_hop_nearest,natural_msa,L1,dev,False,False,False,unsupported,0.0011250000000045945,,,,,,,,,,not_run,not_evaluated
core-two_hop_nearest-03,two_hop_nearest,natural_msa,L1,dev,False,False,False,unsupported,0.0011669999999963654,,,,,,,,,,not_run,not_evaluated
core-two_hop_nearest-05,two_hop_nearest,natural_msa,L1,dev,False,False,False,unsupported,0.0011249999999907168,,,,,,,,,,not_run,not_evaluated
core-two_hop_nearest-06,two_hop_nearest,natural_msa,L1,dev,False,False,False,unsupported,0.001250000000008189,,,,,,,,,,not_run,not_evaluated
core-two_hop_nearest-08,two_hop_nearest,natural_msa,L1,dev,False,False,False,unsupported,0.0011250000000045945,,,,,,,,,,not_run,not_evaluated
core-two_hop_nearest-09,two_hop_nearest,natural_msa,L3,dev,False,False,False,unsupported,0.0011659999999968917,,,,,,,,,,not_run,not_evaluated
core-two_hop_nearest-11,two_hop_nearest,natural_msa,L3,dev,False,False,False,unsupported,0.001209000000002014,,,,,,,,,,not_run,not_evaluated
core-two_hop_nearest-13,two_hop_nearest,natural_msa,L4,dev,False,False,False,unsupported,0.0011659999999968917,,,,,,,,,,not_run,not_evaluated
core-two_hop_nearest-15,two_hop_nearest,natural_msa,L4,dev,False,False,False,unsupported,0.0011669999999963654,,,,,,,,,,not_run,not_evaluated
core-two_hop_nearest-17,two_hop_nearest,conversational,L2,dev,False,False,False,unsupported,0.0011250000000045945,,,,,,,,,,not_run,not_evaluated
core-two_hop_nearest-18,two_hop_nearest,conversational,L2,dev,False,False,False,unsupported,0.0011669999999963654,,,,,,,,,,not_run,not_evaluated
core-two_hop_nearest-20,two_hop_nearest,conversational,L2,dev,False,False,False,unsupported,0.0011669999999963654,,,,,,,,,,not_run,not_evaluated
core-two_hop_nearest-21,two_hop_nearest,conversational,L2,dev,False,False,False,unsupported,0.0011669999999963654,,,,,,,,,,not_run,not_evaluated
core-two_hop_nearest-23,two_hop_nearest,conversational,L2,dev,False,False,False,unsupported,0.001082999999998946,,,,,,,,,,not_run,not_evaluated
core-two_hop_nearest-25,two_hop_nearest,conversational,L3,dev,False,False,False,unsupported,0.0011250000000045945,,,,,,,,,,not_run,not_evaluated
core-two_hop_nearest-27,two_hop_nearest,conversational,L3,dev,False,False,False,unsupported,0.0011660000000107695,,,,,,,,,,not_run,not_evaluated
core-two_hop_nearest-29,two_hop_nearest,light_saudi,L1,dev,False,False,False,unsupported,0.0011669999999963654,,,,,,,,,,not_run,not_evaluated
core-two_hop_nearest-30,two_hop_nearest,light_saudi,L1,dev,False,False,False,unsupported,0.0012080000000025404,,,,,,,,,,not_run,not_evaluated
core-two_hop_nearest-32,two_hop_nearest,light_saudi,L1,dev,False,False,False,unsupported,0.0012919999999999598,,,,,,,,,,not_run,not_evaluated
core-two_hop_nearest-33,two_hop_nearest,light_saudi,L2,dev,False,False,False,unsupported,0.0012919999999999598,,,,,,,,,,not_run,not_evaluated
core-two_hop_nearest-35,two_hop_nearest,light_saudi,L2,dev,False,False,False,unsupported,0.0012919999999999598,,,,,,,,,,not_run,not_evaluated
core-two_hop_nearest-37,two_hop_nearest,indirect_compositional,L4,dev,False,False,False,unsupported,0.0012919999999999598,,,,,,,,,,not_run,not_evaluated
core-two_hop_nearest-39,two_hop_nearest,indirect_compositional,L4,dev,False,False,False,unsupported,0.0012919999999999598,,,,,,,,,,not_run,not_evaluated
core-within_radius_yes_no-01,within_radius_yes_no,natural_msa,L1,dev,False,False,False,unsupported,0.0013749999999979057,,,,,,,,,,not_run,not_evaluated
core-within_radius_yes_no-02,within_radius_yes_no,natural_msa,L1,dev,False,False,False,unsupported,0.001332999999992257,,,,,,,,,,not_run,not_evaluated
core-within_radius_yes_no-03,within_radius_yes_no,natural_msa,L1,dev,False,False,False,unsupported,0.0015000000000015001,,,,,,,,,,not_run,not_evaluated
core-within_radius_yes_no-05,within_radius_yes_no,natural_msa,L1,dev,False,False,False,unsupported,0.0013749999999979057,,,,,,,,,,not_run,not_evaluated
core-within_radius_yes_no-06,within_radius_yes_no,natural_msa,L1,dev,False,False,False,unsupported,0.0014589999999953251,,,,,,,,,,not_run,not_evaluated
core-within_radius_yes_no-08,within_radius_yes_no,natural_msa,L1,dev,False,False,False,unsupported,0.0013749999999979057,,,,,,,,,,not_run,not_evaluated
core-within_radius_yes_no-09,within_radius_yes_no,natural_msa,L3,dev,False,False,False,unsupported,0.0015409999999937973,,,,,,,,,,not_run,not_evaluated
core-within_radius_yes_no-11,within_radius_yes_no,natural_msa,L3,dev,False,False,False,unsupported,0.0013749999999979057,,,,,,,,,,not_run,not_evaluated
core-within_radius_yes_no-13,within_radius_yes_no,natural_msa,L4,dev,False,False,False,unsupported,0.0014589999999953251,,,,,,,,,,not_run,not_evaluated
core-within_radius_yes_no-15,within_radius_yes_no,natural_msa,L4,dev,False,False,False,unsupported,0.001459000000009203,,,,,,,,,,not_run,not_evaluated
core-within_radius_yes_no-17,within_radius_yes_no,conversational,L2,dev,False,False,False,unsupported,0.0012919999999999598,,,,,,,,,,not_run,not_evaluated
core-within_radius_yes_no-18,within_radius_yes_no,conversational,L2,dev,False,False,False,unsupported,0.001332999999992257,,,,,,,,,,not_run,not_evaluated
core-within_radius_yes_no-20,within_radius_yes_no,conversational,L2,dev,False,False,False,unsupported,0.0013749999999979057,,,,,,,,,,not_run,not_evaluated
core-within_radius_yes_no-21,within_radius_yes_no,conversational,L2,dev,False,False,False,unsupported,0.0014579999999958515,,,,,,,,,,not_run,not_evaluated
core-within_radius_yes_no-23,within_radius_yes_no,conversational,L2,dev,False,False,False,unsupported,0.0014169999999896765,,,,,,,,,,not_run,not_evaluated
core-within_radius_yes_no-25,within_radius_yes_no,conversational,L3,dev,False,False,False,unsupported,0.0014170000000035543,,,,,,,,,,not_run,not_evaluated
core-within_radius_yes_no-27,within_radius_yes_no,conversational,L3,dev,False,False,False,unsupported,0.0014170000000035543,,,,,,,,,,not_run,not_evaluated
core-within_radius_yes_no-29,within_radius_yes_no,light_saudi,L1,dev,False,False,False,unsupported,0.0014170000000035543,,,,,,,,,,not_run,not_evaluated
core-within_radius_yes_no-30,within_radius_yes_no,light_saudi,L1,dev,False,False,False,unsupported,0.001332999999992257,,,,,,,,,,not_run,not_evaluated
core-within_radius_yes_no-32,within_radius_yes_no,light_saudi,L1,dev,False,False,False,unsupported,0.0014170000000035543,,,,,,,,,,not_run,not_evaluated
core-within_radius_yes_no-33,within_radius_yes_no,light_saudi,L2,dev,False,False,False,unsupported,0.0013330000000061348,,,,,,,,,,not_run,not_evaluated
core-within_radius_yes_no-35,within_radius_yes_no,light_saudi,L2,dev,False,False,False,unsupported,0.0012919999999999598,,,,,,,,,,not_run,not_evaluated
core-within_radius_yes_no-37,within_radius_yes_no,indirect_compositional,L4,dev,False,False,False,unsupported,0.0014170000000035543,,,,,,,,,,not_run,not_evaluated
core-within_radius_yes_no-39,within_radius_yes_no,indirect_compositional,L4,dev,False,False,False,unsupported,0.0014159999999902029,,,,,,,,,,not_run,not_evaluated
core-cardinal_direction-04,cardinal_direction,natural_msa,L1,eval,False,False,False,unsupported,0.0013749999999979057,,,,,,,,,,not_run,not_evaluated
core-cardinal_direction-07,cardinal_direction,natural_msa,L1,eval,False,False,False,unsupported,0.0014579999999958515,,,,,,,,,,not_run,not_evaluated
core-cardinal_direction-10,cardinal_direction,natural_msa,L3,eval,False,False,False,unsupported,0.0012910000000004862,,,,,,,,,,not_run,not_evaluated
core-cardinal_direction-12,cardinal_direction,natural_msa,L3,eval,False,False,False,unsupported,0.0015410000000076751,,,,,,,,,,not_run,not_evaluated
core-cardinal_direction-14,cardinal_direction,natural_msa,L4,eval,False,False,False,unsupported,0.0012499999999943112,,,,,,,,,,not_run,not_evaluated
core-cardinal_direction-16,cardinal_direction,natural_msa,L4,eval,False,False,False,unsupported,0.0012499999999943112,,,,,,,,,,not_run,not_evaluated
core-cardinal_direction-19,cardinal_direction,conversational,L2,eval,False,False,False,unsupported,0.0014160000000040807,,,,,,,,,,not_run,not_evaluated
core-cardinal_direction-22,cardinal_direction,conversational,L2,eval,False,False,False,unsupported,0.0014170000000035543,,,,,,,,,,not_run,not_evaluated
core-cardinal_direction-24,cardinal_direction,conversational,L2,eval,False,False,False,unsupported,0.0014589999999953251,,,,,,,,,,not_run,not_evaluated
core-cardinal_direction-26,cardinal_direction,conversational,L3,eval,False,False,False,unsupported,0.0013340000000056085,,,,,,,,,,not_run,not_evaluated
core-cardinal_direction-28,cardinal_direction,conversational,L3,eval,False,False,False,unsupported,0.0013749999999979057,,,,,,,,,,not_run,not_evaluated
core-cardinal_direction-31,cardinal_direction,light_saudi,L1,eval,False,False,False,unsupported,0.0014589999999953251,,,,,,,,,,not_run,not_evaluated
core-cardinal_direction-34,cardinal_direction,light_saudi,L2,eval,False,False,False,unsupported,0.001332999999992257,,,,,,,,,,not_run,not_evaluated
core-cardinal_direction-36,cardinal_direction,light_saudi,L2,eval,False,False,False,unsupported,0.0013339999999917307,,,,,,,,,,not_run,not_evaluated
core-cardinal_direction-38,cardinal_direction,indirect_compositional,L4,eval,False,False,False,unsupported,0.001209000000002014,,,,,,,,,,not_run,not_evaluated
core-cardinal_direction-40,cardinal_direction,indirect_compositional,L4,eval,False,False,False,unsupported,0.0012499999999943112,,,,,,,,,,not_run,not_evaluated
core-closer_of_two-04,closer_of_two,natural_msa,L1,eval,False,False,False,unsupported,0.0012919999999999598,,,,,,,,,,not_run,not_evaluated
core-closer_of_two-07,closer_of_two,natural_msa,L1,eval,False,False,False,unsupported,0.0014579999999958515,,,,,,,,,,not_run,not_evaluated
core-closer_of_two-10,closer_of_two,natural_msa,L3,eval,False,False,False,unsupported,0.0014170000000035543,,,,,,,,,,not_run,not_evaluated
core-closer_of_two-12,closer_of_two,natural_msa,L3,eval,False,False,False,unsupported,0.0012919999999999598,,,,,,,,,,not_run,not_evaluated
core-closer_of_two-14,closer_of_two,natural_msa,L4,eval,False,False,False,unsupported,0.0012910000000004862,,,,,,,,,,not_run,not_evaluated
core-closer_of_two-16,closer_of_two,natural_msa,L4,eval,False,False,False,unsupported,0.001250000000008189,,,,,,,,,,not_run,not_evaluated
core-closer_of_two-19,closer_of_two,conversational,L2,eval,False,False,False,unsupported,0.001332999999992257,,,,,,,,,,not_run,not_evaluated
core-closer_of_two-22,closer_of_two,conversational,L2,eval,False,False,False,unsupported,0.0014170000000035543,,,,,,,,,,not_run,not_evaluated
core-closer_of_two-24,closer_of_two,conversational,L2,eval,False,False,False,unsupported,0.0013749999999979057,,,,,,,,,,not_run,not_evaluated
core-closer_of_two-26,closer_of_two,conversational,L3,eval,False,False,False,unsupported,0.0014170000000035543,,,,,,,,,,not_run,not_evaluated
core-closer_of_two-28,closer_of_two,conversational,L3,eval,False,False,False,unsupported,0.0013340000000056085,,,,,,,,,,not_run,not_evaluated
core-closer_of_two-31,closer_of_two,light_saudi,L1,eval,False,False,False,unsupported,0.0013749999999979057,,,,,,,,,,not_run,not_evaluated
core-closer_of_two-34,closer_of_two,light_saudi,L2,eval,False,False,False,unsupported,0.0013749999999979057,,,,,,,,,,not_run,not_evaluated
core-closer_of_two-36,closer_of_two,light_saudi,L2,eval,False,False,False,unsupported,0.0014580000000097293,,,,,,,,,,not_run,not_evaluated
core-closer_of_two-38,closer_of_two,indirect_compositional,L4,eval,False,False,False,unsupported,0.001332999999992257,,,,,,,,,,not_run,not_evaluated
core-closer_of_two-40,closer_of_two,indirect_compositional,L4,eval,False,False,False,unsupported,0.0012499999999943112,,,,,,,,,,not_run,not_evaluated
core-count_within_radius-04,count_within_radius,natural_msa,L1,eval,False,False,False,unsupported,0.0013330000000061348,,,,,,,,,,not_run,not_evaluated
core-count_within_radius-07,count_within_radius,natural_msa,L1,eval,False,False,False,unsupported,0.0012919999999999598,,,,,,,,,,not_run,not_evaluated
core-count_within_radius-10,count_within_radius,natural_msa,L3,eval,False,False,False,unsupported,0.0012910000000004862,,,,,,,,,,not_run,not_evaluated
core-count_within_radius-12,count_within_radius,natural_msa,L3,eval,False,False,False,unsupported,0.0013330000000061348,,,,,,,,,,not_run,not_evaluated
core-count_within_radius-14,count_within_radius,natural_msa,L4,eval,False,False,False,unsupported,0.0013749999999979057,,,,,,,,,,not_run,not_evaluated
core-count_within_radius-16,count_within_radius,natural_msa,L4,eval,False,False,False,unsupported,0.0014589999999953251,,,,,,,,,,not_run,not_evaluated
core-count_within_radius-19,count_within_radius,conversational,L2,eval,False,False,False,unsupported,0.0012919999999999598,,,,,,,,,,not_run,not_evaluated
core-count_within_radius-22,count_within_radius,conversational,L2,eval,False,False,False,unsupported,0.0012499999999943112,,,,,,,,,,not_run,not_evaluated
core-count_within_radius-24,count_within_radius,conversational,L2,eval,False,False,False,unsupported,0.0014170000000035543,,,,,,,,,,not_run,not_evaluated
core-count_within_radius-26,count_within_radius,conversational,L3,eval,False,False,False,unsupported,0.0015000000000015001,,,,,,,,,,not_run,not_evaluated
core-count_within_radius-28,count_within_radius,conversational,L3,eval,False,False,False,unsupported,0.0012919999999999598,,,,,,,,,,not_run,not_evaluated
core-count_within_radius-31,count_within_radius,light_saudi,L1,eval,False,False,False,unsupported,0.0013339999999917307,,,,,,,,,,not_run,not_evaluated
core-count_within_radius-34,count_within_radius,light_saudi,L2,eval,False,False,False,unsupported,0.0014170000000035543,,,,,,,,,,not_run,not_evaluated
core-count_within_radius-36,count_within_radius,light_saudi,L2,eval,False,False,False,unsupported,0.0014170000000035543,,,,,,,,,,not_run,not_evaluated
core-count_within_radius-38,count_within_radius,indirect_compositional,L4,eval,False,False,False,unsupported,0.001332999999992257,,,,,,,,,,not_run,not_evaluated
core-count_within_radius-40,count_within_radius,indirect_compositional,L4,eval,False,False,False,unsupported,0.0013749999999979057,,,,,,,,,,not_run,not_evaluated
core-nearest_category-04,nearest_category,natural_msa,L1,eval,False,False,False,unsupported,0.0015410000000076751,,,,,,,,,,not_run,not_evaluated
core-nearest_category-07,nearest_category,natural_msa,L1,eval,False,False,False,unsupported,0.0015000000000015001,,,,,,,,,,not_run,not_evaluated
core-nearest_category-10,nearest_category,natural_msa,L3,eval,False,False,False,unsupported,0.0015409999999937973,,,,,,,,,,not_run,not_evaluated
core-nearest_category-12,nearest_category,natural_msa,L3,eval,False,False,False,unsupported,0.0015000000000015001,,,,,,,,,,not_run,not_evaluated
core-nearest_category-14,nearest_category,natural_msa,L4,eval,False,False,False,unsupported,0.0013749999999979057,,,,,,,,,,not_run,not_evaluated
core-nearest_category-16,nearest_category,natural_msa,L4,eval,False,False,False,unsupported,0.0013749999999979057,,,,,,,,,,not_run,not_evaluated
core-nearest_category-19,nearest_category,conversational,L2,eval,False,False,False,unsupported,0.0013749999999979057,,,,,,,,,,not_run,not_evaluated
core-nearest_category-22,nearest_category,conversational,L2,eval,False,False,False,unsupported,0.0013749999999979057,,,,,,,,,,not_run,not_evaluated
core-nearest_category-24,nearest_category,conversational,L2,eval,False,False,False,unsupported,0.0013749999999979057,,,,,,,,,,not_run,not_evaluated
core-nearest_category-26,nearest_category,conversational,L3,eval,False,False,False,unsupported,0.0014170000000035543,,,,,,,,,,not_run,not_evaluated
core-nearest_category-28,nearest_category,conversational,L3,eval,False,False,False,unsupported,0.0015000000000015001,,,,,,,,,,not_run,not_evaluated
core-nearest_category-31,nearest_category,light_saudi,L1,eval,False,False,False,unsupported,0.0014160000000040807,,,,,,,,,,not_run,not_evaluated
core-nearest_category-34,nearest_category,light_saudi,L2,eval,False,False,False,unsupported,0.0012080000000025404,,,,,,,,,,not_run,not_evaluated
core-nearest_category-36,nearest_category,light_saudi,L2,eval,False,False,False,unsupported,0.0012080000000025404,,,,,,,,,,not_run,not_evaluated
core-nearest_category-38,nearest_category,indirect_compositional,L4,eval,False,False,False,unsupported,0.0015000000000015001,,,,,,,,,,not_run,not_evaluated
core-nearest_category-40,nearest_category,indirect_compositional,L4,eval,False,False,False,unsupported,0.0013330000000061348,,,,,,,,,,not_run,not_evaluated
core-nearest_of_two_categories-04,nearest_of_two_categories,natural_msa,L1,eval,False,False,False,unsupported,0.0012919999999999598,,,,,,,,,,not_run,not_evaluated
core-nearest_of_two_categories-07,nearest_of_two_categories,natural_msa,L1,eval,False,False,False,unsupported,0.0012919999999999598,,,,,,,,,,not_run,not_evaluated
core-nearest_of_two_categories-10,nearest_of_two_categories,natural_msa,L3,eval,False,False,False,unsupported,0.0012499999999943112,,,,,,,,,,not_run,not_evaluated
core-nearest_of_two_categories-12,nearest_of_two_categories,natural_msa,L3,eval,False,False,False,unsupported,0.0013330000000061348,,,,,,,,,,not_run,not_evaluated
core-nearest_of_two_categories-14,nearest_of_two_categories,natural_msa,L4,eval,False,False,False,unsupported,0.0012499999999943112,,,,,,,,,,not_run,not_evaluated
core-nearest_of_two_categories-16,nearest_of_two_categories,natural_msa,L4,eval,False,False,False,unsupported,0.001250000000008189,,,,,,,,,,not_run,not_evaluated
core-nearest_of_two_categories-19,nearest_of_two_categories,conversational,L2,eval,False,False,False,unsupported,0.0013749999999979057,,,,,,,,,,not_run,not_evaluated
core-nearest_of_two_categories-22,nearest_of_two_categories,conversational,L2,eval,False,False,False,unsupported,0.0012910000000004862,,,,,,,,,,not_run,not_evaluated
core-nearest_of_two_categories-24,nearest_of_two_categories,conversational,L2,eval,False,False,False,unsupported,0.0012919999999999598,,,,,,,,,,not_run,not_evaluated
core-nearest_of_two_categories-26,nearest_of_two_categories,conversational,L3,eval,False,False,False,unsupported,0.0012919999999999598,,,,,,,,,,not_run,not_evaluated
core-nearest_of_two_categories-28,nearest_of_two_categories,conversational,L3,eval,False,False,False,unsupported,0.001250000000008189,,,,,,,,,,not_run,not_evaluated
core-nearest_of_two_categories-31,nearest_of_two_categories,light_saudi,L1,eval,False,False,False,unsupported,0.0013330000000061348,,,,,,,,,,not_run,not_evaluated
core-nearest_of_two_categories-34,nearest_of_two_categories,light_saudi,L2,eval,False,False,False,unsupported,0.0012499999999943112,,,,,,,,,,not_run,not_evaluated
core-nearest_of_two_categories-36,nearest_of_two_categories,light_saudi,L2,eval,False,False,False,unsupported,0.0013330000000061348,,,,,,,,,,not_run,not_evaluated
core-nearest_of_two_categories-38,nearest_of_two_categories,indirect_compositional,L4,eval,False,False,False,unsupported,0.0012499999999943112,,,,,,,,,,not_run,not_evaluated
core-nearest_of_two_categories-40,nearest_of_two_categories,indirect_compositional,L4,eval,False,False,False,unsupported,0.0013750000000117835,,,,,,,,,,not_run,not_evaluated
core-spatial_multi_constraint-04,spatial_multi_constraint,natural_msa,L1,eval,False,False,False,unsupported,0.0013339999999917307,,,,,,,,,,not_run,not_evaluated
core-spatial_multi_constraint-07,spatial_multi_constraint,natural_msa,L1,eval,False,False,False,unsupported,0.0012919999999999598,,,,,,,,,,not_run,not_evaluated
core-spatial_multi_constraint-10,spatial_multi_constraint,natural_msa,L3,eval,False,False,False,unsupported,0.0013330000000061348,,,,,,,,,,not_run,not_evaluated
core-spatial_multi_constraint-12,spatial_multi_constraint,natural_msa,L3,eval,False,False,False,unsupported,0.0012919999999999598,,,,,,,,,,not_run,not_evaluated
core-spatial_multi_constraint-14,spatial_multi_constraint,natural_msa,L4,eval,False,False,False,unsupported,0.0012079999999886626,,,,,,,,,,not_run,not_evaluated
core-spatial_multi_constraint-16,spatial_multi_constraint,natural_msa,L4,eval,False,False,False,unsupported,0.0033329999999942572,,,,,,,,,,not_run,not_evaluated
core-spatial_multi_constraint-19,spatial_multi_constraint,conversational,L2,eval,False,False,False,unsupported,0.0012919999999999598,,,,,,,,,,not_run,not_evaluated
core-spatial_multi_constraint-22,spatial_multi_constraint,conversational,L2,eval,False,False,False,unsupported,0.0012499999999943112,,,,,,,,,,not_run,not_evaluated
core-spatial_multi_constraint-24,spatial_multi_constraint,conversational,L2,eval,False,False,False,unsupported,0.0013330000000061348,,,,,,,,,,not_run,not_evaluated
core-spatial_multi_constraint-26,spatial_multi_constraint,conversational,L3,eval,False,False,False,unsupported,0.0012919999999999598,,,,,,,,,,not_run,not_evaluated
core-spatial_multi_constraint-28,spatial_multi_constraint,conversational,L3,eval,False,False,False,unsupported,0.0012499999999943112,,,,,,,,,,not_run,not_evaluated
core-spatial_multi_constraint-31,spatial_multi_constraint,light_saudi,L1,eval,False,False,False,unsupported,0.0013340000000056085,,,,,,,,,,not_run,not_evaluated
core-spatial_multi_constraint-34,spatial_multi_constraint,light_saudi,L2,eval,False,False,False,unsupported,0.0012919999999999598,,,,,,,,,,not_run,not_evaluated
core-spatial_multi_constraint-36,spatial_multi_constraint,light_saudi,L2,eval,False,False,False,unsupported,0.0012910000000004862,,,,,,,,,,not_run,not_evaluated
core-spatial_multi_constraint-38,spatial_multi_constraint,indirect_compositional,L4,eval,False,False,False,unsupported,0.001250000000008189,,,,,,,,,,not_run,not_evaluated
core-spatial_multi_constraint-40,spatial_multi_constraint,indirect_compositional,L4,eval,False,False,False,unsupported,0.0012499999999943112,,,,,,,,,,not_run,not_evaluated
core-two_hop_nearest-04,two_hop_nearest,natural_msa,L1,eval,False,False,False,unsupported,0.001250000000008189,,,,,,,,,,not_run,not_evaluated
core-two_hop_nearest-07,two_hop_nearest,natural_msa,L1,eval,False,False,False,unsupported,0.0012080000000025404,,,,,,,,,,not_run,not_evaluated
core-two_hop_nearest-10,two_hop_nearest,natural_msa,L3,eval,False,False,False,unsupported,0.0012910000000004862,,,,,,,,,,not_run,not_evaluated
core-two_hop_nearest-12,two_hop_nearest,natural_msa,L3,eval,False,False,False,unsupported,0.0012080000000025404,,,,,,,,,,not_run,not_evaluated
core-two_hop_nearest-14,two_hop_nearest,natural_msa,L4,eval,False,False,False,unsupported,0.0013339999999917307,,,,,,,,,,not_run,not_evaluated
core-two_hop_nearest-16,two_hop_nearest,natural_msa,L4,eval,False,False,False,unsupported,0.001250000000008189,,,,,,,,,,not_run,not_evaluated
core-two_hop_nearest-19,two_hop_nearest,conversational,L2,eval,False,False,False,unsupported,0.0012919999999999598,,,,,,,,,,not_run,not_evaluated
core-two_hop_nearest-22,two_hop_nearest,conversational,L2,eval,False,False,False,unsupported,0.0013330000000061348,,,,,,,,,,not_run,not_evaluated
core-two_hop_nearest-24,two_hop_nearest,conversational,L2,eval,False,False,False,unsupported,0.0012919999999999598,,,,,,,,,,not_run,not_evaluated
core-two_hop_nearest-26,two_hop_nearest,conversational,L3,eval,False,False,False,unsupported,0.0012919999999999598,,,,,,,,,,not_run,not_evaluated
core-two_hop_nearest-28,two_hop_nearest,conversational,L3,eval,False,False,False,unsupported,0.0012499999999943112,,,,,,,,,,not_run,not_evaluated
core-two_hop_nearest-31,two_hop_nearest,light_saudi,L1,eval,False,False,False,unsupported,0.001250000000008189,,,,,,,,,,not_run,not_evaluated
core-two_hop_nearest-34,two_hop_nearest,light_saudi,L2,eval,False,False,False,unsupported,0.001250000000008189,,,,,,,,,,not_run,not_evaluated
core-two_hop_nearest-36,two_hop_nearest,light_saudi,L2,eval,False,False,False,unsupported,0.0012910000000004862,,,,,,,,,,not_run,not_evaluated
core-two_hop_nearest-38,two_hop_nearest,indirect_compositional,L4,eval,False,False,False,unsupported,0.001250000000008189,,,,,,,,,,not_run,not_evaluated
core-two_hop_nearest-40,two_hop_nearest,indirect_compositional,L4,eval,False,False,False,unsupported,0.0012919999999999598,,,,,,,,,,not_run,not_evaluated
core-within_radius_yes_no-04,within_radius_yes_no,natural_msa,L1,eval,False,False,False,unsupported,0.001250000000008189,,,,,,,,,,not_run,not_evaluated
core-within_radius_yes_no-07,within_radius_yes_no,natural_msa,L1,eval,False,False,False,unsupported,0.0015000000000015001,,,,,,,,,,not_run,not_evaluated
core-within_radius_yes_no-10,within_radius_yes_no,natural_msa,L3,eval,False,False,False,unsupported,0.0014589999999953251,,,,,,,,,,not_run,not_evaluated
core-within_radius_yes_no-12,within_radius_yes_no,natural_msa,L3,eval,False,False,False,unsupported,0.0015409999999937973,,,,,,,,,,not_run,not_evaluated
core-within_radius_yes_no-14,within_radius_yes_no,natural_msa,L4,eval,False,False,False,unsupported,0.0013749999999979057,,,,,,,,,,not_run,not_evaluated
core-within_radius_yes_no-16,within_radius_yes_no,natural_msa,L4,eval,False,False,False,unsupported,0.0013749999999979057,,,,,,,,,,not_run,not_evaluated
core-within_radius_yes_no-19,within_radius_yes_no,conversational,L2,eval,False,False,False,unsupported,0.0013749999999979057,,,,,,,,,,not_run,not_evaluated
core-within_radius_yes_no-22,within_radius_yes_no,conversational,L2,eval,False,False,False,unsupported,0.0015000000000015001,,,,,,,,,,not_run,not_evaluated
core-within_radius_yes_no-24,within_radius_yes_no,conversational,L2,eval,False,False,False,unsupported,0.0016249999999912168,,,,,,,,,,not_run,not_evaluated
core-within_radius_yes_no-26,within_radius_yes_no,conversational,L3,eval,False,False,False,unsupported,0.0014170000000035543,,,,,,,,,,not_run,not_evaluated
core-within_radius_yes_no-28,within_radius_yes_no,conversational,L3,eval,False,False,False,unsupported,0.0012910000000004862,,,,,,,,,,not_run,not_evaluated
core-within_radius_yes_no-31,within_radius_yes_no,light_saudi,L1,eval,False,False,False,unsupported,0.0012080000000025404,,,,,,,,,,not_run,not_evaluated
core-within_radius_yes_no-34,within_radius_yes_no,light_saudi,L2,eval,False,False,False,unsupported,0.0012499999999943112,,,,,,,,,,not_run,not_evaluated
core-within_radius_yes_no-36,within_radius_yes_no,light_saudi,L2,eval,False,False,False,unsupported,0.0014580000000097293,,,,,,,,,,not_run,not_evaluated
core-within_radius_yes_no-38,within_radius_yes_no,indirect_compositional,L4,eval,False,False,False,unsupported,0.001332999999992257,,,,,,,,,,not_run,not_evaluated
core-within_radius_yes_no-40,within_radius_yes_no,indirect_compositional,L4,eval,False,False,False,unsupported,0.0012080000000025404,,,,,,,,,,not_run,not_evaluated
