field,split,task_type,state,count
anchor_latitude,test,cardinal_direction,nonnull,397
anchor_latitude,test,closer_of_two,nonnull,264
anchor_latitude,test,count_within_radius,nonnull,89
anchor_latitude,test,nearest_category,nonnull,759
anchor_latitude,test,nearest_of_two_categories,nonnull,186
anchor_latitude,test,spatial_multi_constraint,nonnull,173
anchor_latitude,test,two_hop_nearest,nonnull,188
anchor_latitude,test,within_radius_yes_no,nonnull,276
anchor_latitude,train,cardinal_direction,nonnull,3267
anchor_latitude,train,closer_of_two,nonnull,2167
anchor_latitude,train,count_within_radius,nonnull,701
anchor_latitude,train,nearest_category,nonnull,6588
anchor_latitude,train,nearest_of_two_categories,nonnull,1591
anchor_latitude,train,spatial_multi_constraint,nonnull,1478
anchor_latitude,train,two_hop_nearest,nonnull,1603
anchor_latitude,train,within_radius_yes_no,nonnull,2202
anchor_latitude,validation,cardinal_direction,nonnull,409
anchor_latitude,validation,closer_of_two,nonnull,283
anchor_latitude,validation,count_within_radius,nonnull,97
anchor_latitude,validation,nearest_category,nonnull,827
anchor_latitude,validation,nearest_of_two_categories,nonnull,205
anchor_latitude,validation,spatial_multi_constraint,nonnull,191
anchor_latitude,validation,two_hop_nearest,nonnull,210
anchor_latitude,validation,within_radius_yes_no,nonnull,280
anchor_longitude,test,cardinal_direction,nonnull,397
anchor_longitude,test,closer_of_two,nonnull,264
anchor_longitude,test,count_within_radius,nonnull,89
anchor_longitude,test,nearest_category,nonnull,759
anchor_longitude,test,nearest_of_two_categories,nonnull,186
anchor_longitude,test,spatial_multi_constraint,nonnull,173
anchor_longitude,test,two_hop_nearest,nonnull,188
anchor_longitude,test,within_radius_yes_no,nonnull,276
anchor_longitude,train,cardinal_direction,nonnull,3267
anchor_longitude,train,closer_of_two,nonnull,2167
anchor_longitude,train,count_within_radius,nonnull,701
anchor_longitude,train,nearest_category,nonnull,6588
anchor_longitude,train,nearest_of_two_categories,nonnull,1591
anchor_longitude,train,spatial_multi_constraint,nonnull,1478
anchor_longitude,train,two_hop_nearest,nonnull,1603
anchor_longitude,train,within_radius_yes_no,nonnull,2202
anchor_longitude,validation,cardinal_direction,nonnull,409
anchor_longitude,validation,closer_of_two,nonnull,283
anchor_longitude,validation,count_within_radius,nonnull,97
anchor_longitude,validation,nearest_category,nonnull,827
anchor_longitude,validation,nearest_of_two_categories,nonnull,205
anchor_longitude,validation,spatial_multi_constraint,nonnull,191
anchor_longitude,validation,two_hop_nearest,nonnull,210
anchor_longitude,validation,within_radius_yes_no,nonnull,280
anchor_place,test,cardinal_direction,nonnull,397
anchor_place,test,closer_of_two,nonnull,264
anchor_place,test,count_within_radius,nonnull,89
anchor_place,test,nearest_category,nonnull,759
anchor_place,test,nearest_of_two_categories,nonnull,186
anchor_place,test,spatial_multi_constraint,nonnull,173
anchor_place,test,two_hop_nearest,nonnull,188
anchor_place,test,within_radius_yes_no,nonnull,276
anchor_place,train,cardinal_direction,nonnull,3267
anchor_place,train,closer_of_two,nonnull,2167
anchor_place,train,count_within_radius,nonnull,701
anchor_place,train,nearest_category,nonnull,6588
anchor_place,train,nearest_of_two_categories,nonnull,1591
anchor_place,train,spatial_multi_constraint,nonnull,1478
anchor_place,train,two_hop_nearest,nonnull,1603
anchor_place,train,within_radius_yes_no,nonnull,2202
anchor_place,validation,cardinal_direction,nonnull,409
anchor_place,validation,closer_of_two,nonnull,283
anchor_place,validation,count_within_radius,nonnull,97
anchor_place,validation,nearest_category,nonnull,827
anchor_place,validation,nearest_of_two_categories,nonnull,205
anchor_place,validation,spatial_multi_constraint,nonnull,191
anchor_place,validation,two_hop_nearest,nonnull,210
anchor_place,validation,within_radius_yes_no,nonnull,280
answer,test,cardinal_direction,nonnull,397
answer,test,closer_of_two,nonnull,264
answer,test,count_within_radius,nonnull,89
answer,test,nearest_category,nonnull,759
answer,test,nearest_of_two_categories,nonnull,186
answer,test,spatial_multi_constraint,nonnull,173
answer,test,two_hop_nearest,nonnull,188
answer,test,within_radius_yes_no,nonnull,276
answer,train,cardinal_direction,nonnull,3267
answer,train,closer_of_two,nonnull,2167
answer,train,count_within_radius,nonnull,701
answer,train,nearest_category,nonnull,6588
answer,train,nearest_of_two_categories,nonnull,1591
answer,train,spatial_multi_constraint,nonnull,1478
answer,train,two_hop_nearest,nonnull,1603
answer,train,within_radius_yes_no,nonnull,2202
answer,validation,cardinal_direction,nonnull,409
answer,validation,closer_of_two,nonnull,283
answer,validation,count_within_radius,nonnull,97
answer,validation,nearest_category,nonnull,827
answer,validation,nearest_of_two_categories,nonnull,205
answer,validation,spatial_multi_constraint,nonnull,191
answer,validation,two_hop_nearest,nonnull,210
answer,validation,within_radius_yes_no,nonnull,280
answer_position,test,cardinal_direction,null,397
answer_position,test,closer_of_two,nonnull,264
answer_position,test,count_within_radius,null,89
answer_position,test,nearest_category,null,759
answer_position,test,nearest_of_two_categories,null,186
answer_position,test,spatial_multi_constraint,null,173
answer_position,test,two_hop_nearest,null,188
answer_position,test,within_radius_yes_no,null,276
answer_position,train,cardinal_direction,null,3267
answer_position,train,closer_of_two,nonnull,2167
answer_position,train,count_within_radius,null,701
answer_position,train,nearest_category,null,6588
answer_position,train,nearest_of_two_categories,null,1591
answer_position,train,spatial_multi_constraint,null,1478
answer_position,train,two_hop_nearest,null,1603
answer_position,train,within_radius_yes_no,null,2202
answer_position,validation,cardinal_direction,null,409
answer_position,validation,closer_of_two,nonnull,283
answer_position,validation,count_within_radius,null,97
answer_position,validation,nearest_category,null,827
answer_position,validation,nearest_of_two_categories,null,205
answer_position,validation,spatial_multi_constraint,null,191
answer_position,validation,two_hop_nearest,null,210
answer_position,validation,within_radius_yes_no,null,280
article_chars,test,cardinal_direction,nonnull,397
article_chars,test,closer_of_two,nonnull,264
article_chars,test,count_within_radius,nonnull,89
article_chars,test,nearest_category,nonnull,759
article_chars,test,nearest_of_two_categories,nonnull,186
article_chars,test,spatial_multi_constraint,nonnull,173
article_chars,test,two_hop_nearest,nonnull,188
article_chars,test,within_radius_yes_no,nonnull,276
article_chars,train,cardinal_direction,nonnull,3267
article_chars,train,closer_of_two,nonnull,2167
article_chars,train,count_within_radius,nonnull,701
article_chars,train,nearest_category,nonnull,6588
article_chars,train,nearest_of_two_categories,nonnull,1591
article_chars,train,spatial_multi_constraint,nonnull,1478
article_chars,train,two_hop_nearest,nonnull,1603
article_chars,train,within_radius_yes_no,nonnull,2202
article_chars,validation,cardinal_direction,nonnull,409
article_chars,validation,closer_of_two,nonnull,283
article_chars,validation,count_within_radius,nonnull,97
article_chars,validation,nearest_category,nonnull,827
article_chars,validation,nearest_of_two_categories,nonnull,205
article_chars,validation,spatial_multi_constraint,nonnull,191
article_chars,validation,two_hop_nearest,nonnull,210
article_chars,validation,within_radius_yes_no,nonnull,280
context,test,cardinal_direction,nonnull,397
context,test,closer_of_two,nonnull,264
context,test,count_within_radius,nonnull,89
context,test,nearest_category,nonnull,759
context,test,nearest_of_two_categories,nonnull,186
context,test,spatial_multi_constraint,nonnull,173
context,test,two_hop_nearest,nonnull,188
context,test,within_radius_yes_no,nonnull,276
context,train,cardinal_direction,nonnull,3267
context,train,closer_of_two,nonnull,2167
context,train,count_within_radius,nonnull,701
context,train,nearest_category,nonnull,6588
context,train,nearest_of_two_categories,nonnull,1591
context,train,spatial_multi_constraint,nonnull,1478
context,train,two_hop_nearest,nonnull,1603
context,train,within_radius_yes_no,nonnull,2202
context,validation,cardinal_direction,nonnull,409
context,validation,closer_of_two,nonnull,283
context,validation,count_within_radius,nonnull,97
context,validation,nearest_category,nonnull,827
context,validation,nearest_of_two_categories,nonnull,205
context,validation,spatial_multi_constraint,nonnull,191
context,validation,two_hop_nearest,nonnull,210
context,validation,within_radius_yes_no,nonnull,280
context_chars,test,cardinal_direction,nonnull,397
context_chars,test,closer_of_two,nonnull,264
context_chars,test,count_within_radius,nonnull,89
context_chars,test,nearest_category,nonnull,759
context_chars,test,nearest_of_two_categories,nonnull,186
context_chars,test,spatial_multi_constraint,nonnull,173
context_chars,test,two_hop_nearest,nonnull,188
context_chars,test,within_radius_yes_no,nonnull,276
context_chars,train,cardinal_direction,nonnull,3267
context_chars,train,closer_of_two,nonnull,2167
context_chars,train,count_within_radius,nonnull,701
context_chars,train,nearest_category,nonnull,6588
context_chars,train,nearest_of_two_categories,nonnull,1591
context_chars,train,spatial_multi_constraint,nonnull,1478
context_chars,train,two_hop_nearest,nonnull,1603
context_chars,train,within_radius_yes_no,nonnull,2202
context_chars,validation,cardinal_direction,nonnull,409
context_chars,validation,closer_of_two,nonnull,283
context_chars,validation,count_within_radius,nonnull,97
context_chars,validation,nearest_category,nonnull,827
context_chars,validation,nearest_of_two_categories,nonnull,205
context_chars,validation,spatial_multi_constraint,nonnull,191
context_chars,validation,two_hop_nearest,nonnull,210
context_chars,validation,within_radius_yes_no,nonnull,280
context_length_bin_chars,test,cardinal_direction,nonnull,397
context_length_bin_chars,test,closer_of_two,nonnull,264
context_length_bin_chars,test,count_within_radius,nonnull,89
context_length_bin_chars,test,nearest_category,nonnull,759
context_length_bin_chars,test,nearest_of_two_categories,nonnull,186
context_length_bin_chars,test,spatial_multi_constraint,nonnull,173
context_length_bin_chars,test,two_hop_nearest,nonnull,188
context_length_bin_chars,test,within_radius_yes_no,nonnull,276
context_length_bin_chars,train,cardinal_direction,nonnull,3267
context_length_bin_chars,train,closer_of_two,nonnull,2167
context_length_bin_chars,train,count_within_radius,nonnull,701
context_length_bin_chars,train,nearest_category,nonnull,6588
context_length_bin_chars,train,nearest_of_two_categories,nonnull,1591
context_length_bin_chars,train,spatial_multi_constraint,nonnull,1478
context_length_bin_chars,train,two_hop_nearest,nonnull,1603
context_length_bin_chars,train,within_radius_yes_no,nonnull,2202
context_length_bin_chars,validation,cardinal_direction,nonnull,409
context_length_bin_chars,validation,closer_of_two,nonnull,283
context_length_bin_chars,validation,count_within_radius,nonnull,97
context_length_bin_chars,validation,nearest_category,nonnull,827
context_length_bin_chars,validation,nearest_of_two_categories,nonnull,205
context_length_bin_chars,validation,spatial_multi_constraint,nonnull,191
context_length_bin_chars,validation,two_hop_nearest,nonnull,210
context_length_bin_chars,validation,within_radius_yes_no,nonnull,280
country,test,cardinal_direction,nonnull,397
country,test,closer_of_two,nonnull,264
country,test,count_within_radius,nonnull,89
country,test,nearest_category,nonnull,759
country,test,nearest_of_two_categories,nonnull,186
country,test,spatial_multi_constraint,nonnull,173
country,test,two_hop_nearest,nonnull,188
country,test,within_radius_yes_no,nonnull,276
country,train,cardinal_direction,nonnull,3267
country,train,closer_of_two,nonnull,2167
country,train,count_within_radius,nonnull,701
country,train,nearest_category,nonnull,6588
country,train,nearest_of_two_categories,nonnull,1591
country,train,spatial_multi_constraint,nonnull,1478
country,train,two_hop_nearest,nonnull,1603
country,train,within_radius_yes_no,nonnull,2202
country,validation,cardinal_direction,nonnull,409
country,validation,closer_of_two,nonnull,283
country,validation,count_within_radius,nonnull,97
country,validation,nearest_category,nonnull,827
country,validation,nearest_of_two_categories,nonnull,205
country,validation,spatial_multi_constraint,nonnull,191
country,validation,two_hop_nearest,nonnull,210
country,validation,within_radius_yes_no,nonnull,280
difficulty,test,cardinal_direction,nonnull,397
difficulty,test,closer_of_two,nonnull,264
difficulty,test,count_within_radius,nonnull,89
difficulty,test,nearest_category,nonnull,759
difficulty,test,nearest_of_two_categories,nonnull,186
difficulty,test,spatial_multi_constraint,nonnull,173
difficulty,test,two_hop_nearest,nonnull,188
difficulty,test,within_radius_yes_no,nonnull,276
difficulty,train,cardinal_direction,nonnull,3267
difficulty,train,closer_of_two,nonnull,2167
difficulty,train,count_within_radius,nonnull,701
difficulty,train,nearest_category,nonnull,6588
difficulty,train,nearest_of_two_categories,nonnull,1591
difficulty,train,spatial_multi_constraint,nonnull,1478
difficulty,train,two_hop_nearest,nonnull,1603
difficulty,train,within_radius_yes_no,nonnull,2202
difficulty,validation,cardinal_direction,nonnull,409
difficulty,validation,closer_of_two,nonnull,283
difficulty,validation,count_within_radius,nonnull,97
difficulty,validation,nearest_category,nonnull,827
difficulty,validation,nearest_of_two_categories,nonnull,205
difficulty,validation,spatial_multi_constraint,nonnull,191
difficulty,validation,two_hop_nearest,nonnull,210
difficulty,validation,within_radius_yes_no,nonnull,280
difficulty_score,test,cardinal_direction,nonnull,397
difficulty_score,test,closer_of_two,nonnull,264
difficulty_score,test,count_within_radius,nonnull,89
difficulty_score,test,nearest_category,nonnull,759
difficulty_score,test,nearest_of_two_categories,nonnull,186
difficulty_score,test,spatial_multi_constraint,nonnull,173
difficulty_score,test,two_hop_nearest,nonnull,188
difficulty_score,test,within_radius_yes_no,nonnull,276
difficulty_score,train,cardinal_direction,nonnull,3267
difficulty_score,train,closer_of_two,nonnull,2167
difficulty_score,train,count_within_radius,nonnull,701
difficulty_score,train,nearest_category,nonnull,6588
difficulty_score,train,nearest_of_two_categories,nonnull,1591
difficulty_score,train,spatial_multi_constraint,nonnull,1478
difficulty_score,train,two_hop_nearest,nonnull,1603
difficulty_score,train,within_radius_yes_no,nonnull,2202
difficulty_score,validation,cardinal_direction,nonnull,409
difficulty_score,validation,closer_of_two,nonnull,283
difficulty_score,validation,count_within_radius,nonnull,97
difficulty_score,validation,nearest_category,nonnull,827
difficulty_score,validation,nearest_of_two_categories,nonnull,205
difficulty_score,validation,spatial_multi_constraint,nonnull,191
difficulty_score,validation,two_hop_nearest,nonnull,210
difficulty_score,validation,within_radius_yes_no,nonnull,280
direction_constraint,test,cardinal_direction,null,397
direction_constraint,test,closer_of_two,null,264
direction_constraint,test,count_within_radius,null,89
direction_constraint,test,nearest_category,null,759
direction_constraint,test,nearest_of_two_categories,null,186
direction_constraint,test,spatial_multi_constraint,nonnull,173
direction_constraint,test,two_hop_nearest,null,188
direction_constraint,test,within_radius_yes_no,null,276
direction_constraint,train,cardinal_direction,null,3267
direction_constraint,train,closer_of_two,null,2167
direction_constraint,train,count_within_radius,null,701
direction_constraint,train,nearest_category,null,6588
direction_constraint,train,nearest_of_two_categories,null,1591
direction_constraint,train,spatial_multi_constraint,nonnull,1478
direction_constraint,train,two_hop_nearest,null,1603
direction_constraint,train,within_radius_yes_no,null,2202
direction_constraint,validation,cardinal_direction,null,409
direction_constraint,validation,closer_of_two,null,283
direction_constraint,validation,count_within_radius,null,97
direction_constraint,validation,nearest_category,null,827
direction_constraint,validation,nearest_of_two_categories,null,205
direction_constraint,validation,spatial_multi_constraint,nonnull,191
direction_constraint,validation,two_hop_nearest,null,210
direction_constraint,validation,within_radius_yes_no,null,280
evidence_poi_ids,test,cardinal_direction,nonnull,397
evidence_poi_ids,test,closer_of_two,nonnull,264
evidence_poi_ids,test,count_within_radius,nonnull,89
evidence_poi_ids,test,nearest_category,nonnull,759
evidence_poi_ids,test,nearest_of_two_categories,nonnull,186
evidence_poi_ids,test,spatial_multi_constraint,nonnull,173
evidence_poi_ids,test,two_hop_nearest,nonnull,188
evidence_poi_ids,test,within_radius_yes_no,nonnull,276
evidence_poi_ids,train,cardinal_direction,nonnull,3267
evidence_poi_ids,train,closer_of_two,nonnull,2167
evidence_poi_ids,train,count_within_radius,nonnull,701
evidence_poi_ids,train,nearest_category,nonnull,6588
evidence_poi_ids,train,nearest_of_two_categories,nonnull,1591
evidence_poi_ids,train,spatial_multi_constraint,nonnull,1478
evidence_poi_ids,train,two_hop_nearest,nonnull,1603
evidence_poi_ids,train,within_radius_yes_no,nonnull,2202
evidence_poi_ids,validation,cardinal_direction,nonnull,409
evidence_poi_ids,validation,closer_of_two,nonnull,283
evidence_poi_ids,validation,count_within_radius,nonnull,97
evidence_poi_ids,validation,nearest_category,nonnull,827
evidence_poi_ids,validation,nearest_of_two_categories,nonnull,205
evidence_poi_ids,validation,spatial_multi_constraint,nonnull,191
evidence_poi_ids,validation,two_hop_nearest,nonnull,210
evidence_poi_ids,validation,within_radius_yes_no,nonnull,280
first_hop_category,test,cardinal_direction,null,397
first_hop_category,test,closer_of_two,null,264
first_hop_category,test,count_within_radius,null,89
first_hop_category,test,nearest_category,null,759
first_hop_category,test,nearest_of_two_categories,null,186
first_hop_category,test,spatial_multi_constraint,null,173
first_hop_category,test,two_hop_nearest,nonnull,188
first_hop_category,test,within_radius_yes_no,null,276
first_hop_category,train,cardinal_direction,null,3267
first_hop_category,train,closer_of_two,null,2167
first_hop_category,train,count_within_radius,null,701
first_hop_category,train,nearest_category,null,6588
first_hop_category,train,nearest_of_two_categories,null,1591
first_hop_category,train,spatial_multi_constraint,null,1478
first_hop_category,train,two_hop_nearest,nonnull,1603
first_hop_category,train,within_radius_yes_no,null,2202
first_hop_category,validation,cardinal_direction,null,409
first_hop_category,validation,closer_of_two,null,283
first_hop_category,validation,count_within_radius,null,97
first_hop_category,validation,nearest_category,null,827
first_hop_category,validation,nearest_of_two_categories,null,205
first_hop_category,validation,spatial_multi_constraint,null,191
first_hop_category,validation,two_hop_nearest,nonnull,210
first_hop_category,validation,within_radius_yes_no,null,280
id,test,cardinal_direction,nonnull,397
id,test,closer_of_two,nonnull,264
id,test,count_within_radius,nonnull,89
id,test,nearest_category,nonnull,759
id,test,nearest_of_two_categories,nonnull,186
id,test,spatial_multi_constraint,nonnull,173
id,test,two_hop_nearest,nonnull,188
id,test,within_radius_yes_no,nonnull,276
id,train,cardinal_direction,nonnull,3267
id,train,closer_of_two,nonnull,2167
id,train,count_within_radius,nonnull,701
id,train,nearest_category,nonnull,6588
id,train,nearest_of_two_categories,nonnull,1591
id,train,spatial_multi_constraint,nonnull,1478
id,train,two_hop_nearest,nonnull,1603
id,train,within_radius_yes_no,nonnull,2202
id,validation,cardinal_direction,nonnull,409
id,validation,closer_of_two,nonnull,283
id,validation,count_within_radius,nonnull,97
id,validation,nearest_category,nonnull,827
id,validation,nearest_of_two_categories,nonnull,205
id,validation,spatial_multi_constraint,nonnull,191
id,validation,two_hop_nearest,nonnull,210
id,validation,within_radius_yes_no,nonnull,280
intermediate_answer,test,cardinal_direction,null,397
intermediate_answer,test,closer_of_two,null,264
intermediate_answer,test,count_within_radius,null,89
intermediate_answer,test,nearest_category,null,759
intermediate_answer,test,nearest_of_two_categories,null,186
intermediate_answer,test,spatial_multi_constraint,null,173
intermediate_answer,test,two_hop_nearest,nonnull,188
intermediate_answer,test,within_radius_yes_no,null,276
intermediate_answer,train,cardinal_direction,null,3267
intermediate_answer,train,closer_of_two,null,2167
intermediate_answer,train,count_within_radius,null,701
intermediate_answer,train,nearest_category,null,6588
intermediate_answer,train,nearest_of_two_categories,null,1591
intermediate_answer,train,spatial_multi_constraint,null,1478
intermediate_answer,train,two_hop_nearest,nonnull,1603
intermediate_answer,train,within_radius_yes_no,null,2202
intermediate_answer,validation,cardinal_direction,null,409
intermediate_answer,validation,closer_of_two,null,283
intermediate_answer,validation,count_within_radius,null,97
intermediate_answer,validation,nearest_category,null,827
intermediate_answer,validation,nearest_of_two_categories,null,205
intermediate_answer,validation,spatial_multi_constraint,null,191
intermediate_answer,validation,two_hop_nearest,nonnull,210
intermediate_answer,validation,within_radius_yes_no,null,280
language,test,cardinal_direction,nonnull,397
language,test,closer_of_two,nonnull,264
language,test,count_within_radius,nonnull,89
language,test,nearest_category,nonnull,759
language,test,nearest_of_two_categories,nonnull,186
language,test,spatial_multi_constraint,nonnull,173
language,test,two_hop_nearest,nonnull,188
language,test,within_radius_yes_no,nonnull,276
language,train,cardinal_direction,nonnull,3267
language,train,closer_of_two,nonnull,2167
language,train,count_within_radius,nonnull,701
language,train,nearest_category,nonnull,6588
language,train,nearest_of_two_categories,nonnull,1591
language,train,spatial_multi_constraint,nonnull,1478
language,train,two_hop_nearest,nonnull,1603
language,train,within_radius_yes_no,nonnull,2202
language,validation,cardinal_direction,nonnull,409
language,validation,closer_of_two,nonnull,283
language,validation,count_within_radius,nonnull,97
language,validation,nearest_category,nonnull,827
language,validation,nearest_of_two_categories,nonnull,205
language,validation,spatial_multi_constraint,nonnull,191
language,validation,two_hop_nearest,nonnull,210
language,validation,within_radius_yes_no,nonnull,280
long_target,test,cardinal_direction,nonnull,397
long_target,test,closer_of_two,nonnull,264
long_target,test,count_within_radius,nonnull,89
long_target,test,nearest_category,nonnull,759
long_target,test,nearest_of_two_categories,nonnull,186
long_target,test,spatial_multi_constraint,nonnull,173
long_target,test,two_hop_nearest,nonnull,188
long_target,test,within_radius_yes_no,nonnull,276
long_target,train,cardinal_direction,nonnull,3267
long_target,train,closer_of_two,nonnull,2167
long_target,train,count_within_radius,nonnull,701
long_target,train,nearest_category,nonnull,6588
long_target,train,nearest_of_two_categories,nonnull,1591
long_target,train,spatial_multi_constraint,nonnull,1478
long_target,train,two_hop_nearest,nonnull,1603
long_target,train,within_radius_yes_no,nonnull,2202
long_target,validation,cardinal_direction,nonnull,409
long_target,validation,closer_of_two,nonnull,283
long_target,validation,count_within_radius,nonnull,97
long_target,validation,nearest_category,nonnull,827
long_target,validation,nearest_of_two_categories,nonnull,205
long_target,validation,spatial_multi_constraint,nonnull,191
long_target,validation,two_hop_nearest,nonnull,210
long_target,validation,within_radius_yes_no,nonnull,280
num_context_pois,test,cardinal_direction,nonnull,397
num_context_pois,test,closer_of_two,nonnull,264
num_context_pois,test,count_within_radius,nonnull,89
num_context_pois,test,nearest_category,nonnull,759
num_context_pois,test,nearest_of_two_categories,nonnull,186
num_context_pois,test,spatial_multi_constraint,nonnull,173
num_context_pois,test,two_hop_nearest,nonnull,188
num_context_pois,test,within_radius_yes_no,nonnull,276
num_context_pois,train,cardinal_direction,nonnull,3267
num_context_pois,train,closer_of_two,nonnull,2167
num_context_pois,train,count_within_radius,nonnull,701
num_context_pois,train,nearest_category,nonnull,6588
num_context_pois,train,nearest_of_two_categories,nonnull,1591
num_context_pois,train,spatial_multi_constraint,nonnull,1478
num_context_pois,train,two_hop_nearest,nonnull,1603
num_context_pois,train,within_radius_yes_no,nonnull,2202
num_context_pois,validation,cardinal_direction,nonnull,409
num_context_pois,validation,closer_of_two,nonnull,283
num_context_pois,validation,count_within_radius,nonnull,97
num_context_pois,validation,nearest_category,nonnull,827
num_context_pois,validation,nearest_of_two_categories,nonnull,205
num_context_pois,validation,spatial_multi_constraint,nonnull,191
num_context_pois,validation,two_hop_nearest,nonnull,210
num_context_pois,validation,within_radius_yes_no,nonnull,280
num_qualifying_pois,test,cardinal_direction,null,397
num_qualifying_pois,test,closer_of_two,null,264
num_qualifying_pois,test,count_within_radius,null,89
num_qualifying_pois,test,nearest_category,null,759
num_qualifying_pois,test,nearest_of_two_categories,null,186
num_qualifying_pois,test,spatial_multi_constraint,nonnull,173
num_qualifying_pois,test,two_hop_nearest,null,188
num_qualifying_pois,test,within_radius_yes_no,null,276
num_qualifying_pois,train,cardinal_direction,null,3267
num_qualifying_pois,train,closer_of_two,null,2167
num_qualifying_pois,train,count_within_radius,null,701
num_qualifying_pois,train,nearest_category,null,6588
num_qualifying_pois,train,nearest_of_two_categories,null,1591
num_qualifying_pois,train,spatial_multi_constraint,nonnull,1478
num_qualifying_pois,train,two_hop_nearest,null,1603
num_qualifying_pois,train,within_radius_yes_no,null,2202
num_qualifying_pois,validation,cardinal_direction,null,409
num_qualifying_pois,validation,closer_of_two,null,283
num_qualifying_pois,validation,count_within_radius,null,97
num_qualifying_pois,validation,nearest_category,null,827
num_qualifying_pois,validation,nearest_of_two_categories,null,205
num_qualifying_pois,validation,spatial_multi_constraint,nonnull,191
num_qualifying_pois,validation,two_hop_nearest,null,210
num_qualifying_pois,validation,within_radius_yes_no,null,280
question,test,cardinal_direction,nonnull,397
question,test,closer_of_two,nonnull,264
question,test,count_within_radius,nonnull,89
question,test,nearest_category,nonnull,759
question,test,nearest_of_two_categories,nonnull,186
question,test,spatial_multi_constraint,nonnull,173
question,test,two_hop_nearest,nonnull,188
question,test,within_radius_yes_no,nonnull,276
question,train,cardinal_direction,nonnull,3267
question,train,closer_of_two,nonnull,2167
question,train,count_within_radius,nonnull,701
question,train,nearest_category,nonnull,6588
question,train,nearest_of_two_categories,nonnull,1591
question,train,spatial_multi_constraint,nonnull,1478
question,train,two_hop_nearest,nonnull,1603
question,train,within_radius_yes_no,nonnull,2202
question,validation,cardinal_direction,nonnull,409
question,validation,closer_of_two,nonnull,283
question,validation,count_within_radius,nonnull,97
question,validation,nearest_category,nonnull,827
question,validation,nearest_of_two_categories,nonnull,205
question,validation,spatial_multi_constraint,nonnull,191
question,validation,two_hop_nearest,nonnull,210
question,validation,within_radius_yes_no,nonnull,280
radius_constraint_km,test,cardinal_direction,null,397
radius_constraint_km,test,closer_of_two,null,264
radius_constraint_km,test,count_within_radius,null,89
radius_constraint_km,test,nearest_category,null,759
radius_constraint_km,test,nearest_of_two_categories,null,186
radius_constraint_km,test,spatial_multi_constraint,nonnull,173
radius_constraint_km,test,two_hop_nearest,null,188
radius_constraint_km,test,within_radius_yes_no,null,276
radius_constraint_km,train,cardinal_direction,null,3267
radius_constraint_km,train,closer_of_two,null,2167
radius_constraint_km,train,count_within_radius,null,701
radius_constraint_km,train,nearest_category,null,6588
radius_constraint_km,train,nearest_of_two_categories,null,1591
radius_constraint_km,train,spatial_multi_constraint,nonnull,1478
radius_constraint_km,train,two_hop_nearest,null,1603
radius_constraint_km,train,within_radius_yes_no,null,2202
radius_constraint_km,validation,cardinal_direction,null,409
radius_constraint_km,validation,closer_of_two,null,283
radius_constraint_km,validation,count_within_radius,null,97
radius_constraint_km,validation,nearest_category,null,827
radius_constraint_km,validation,nearest_of_two_categories,null,205
radius_constraint_km,validation,spatial_multi_constraint,nonnull,191
radius_constraint_km,validation,two_hop_nearest,null,210
radius_constraint_km,validation,within_radius_yes_no,null,280
recommended_reasoning,test,cardinal_direction,nonnull,397
recommended_reasoning,test,closer_of_two,nonnull,264
recommended_reasoning,test,count_within_radius,nonnull,89
recommended_reasoning,test,nearest_category,nonnull,759
recommended_reasoning,test,nearest_of_two_categories,nonnull,186
recommended_reasoning,test,spatial_multi_constraint,nonnull,173
recommended_reasoning,test,two_hop_nearest,nonnull,188
recommended_reasoning,test,within_radius_yes_no,nonnull,276
recommended_reasoning,train,cardinal_direction,nonnull,3267
recommended_reasoning,train,closer_of_two,nonnull,2167
recommended_reasoning,train,count_within_radius,nonnull,701
recommended_reasoning,train,nearest_category,nonnull,6588
recommended_reasoning,train,nearest_of_two_categories,nonnull,1591
recommended_reasoning,train,spatial_multi_constraint,nonnull,1478
recommended_reasoning,train,two_hop_nearest,nonnull,1603
recommended_reasoning,train,within_radius_yes_no,nonnull,2202
recommended_reasoning,validation,cardinal_direction,nonnull,409
recommended_reasoning,validation,closer_of_two,nonnull,283
recommended_reasoning,validation,count_within_radius,nonnull,97
recommended_reasoning,validation,nearest_category,nonnull,827
recommended_reasoning,validation,nearest_of_two_categories,nonnull,205
recommended_reasoning,validation,spatial_multi_constraint,nonnull,191
recommended_reasoning,validation,two_hop_nearest,nonnull,210
recommended_reasoning,validation,within_radius_yes_no,nonnull,280
router_target_alpha,test,cardinal_direction,null,397
router_target_alpha,test,closer_of_two,null,264
router_target_alpha,test,count_within_radius,null,89
router_target_alpha,test,nearest_category,null,759
router_target_alpha,test,nearest_of_two_categories,null,186
router_target_alpha,test,spatial_multi_constraint,null,173
router_target_alpha,test,two_hop_nearest,null,188
router_target_alpha,test,within_radius_yes_no,null,276
router_target_alpha,train,cardinal_direction,null,3267
router_target_alpha,train,closer_of_two,null,2167
router_target_alpha,train,count_within_radius,null,701
router_target_alpha,train,nearest_category,null,6588
router_target_alpha,train,nearest_of_two_categories,null,1591
router_target_alpha,train,spatial_multi_constraint,null,1478
router_target_alpha,train,two_hop_nearest,null,1603
router_target_alpha,train,within_radius_yes_no,null,2202
router_target_alpha,validation,cardinal_direction,null,409
router_target_alpha,validation,closer_of_two,null,283
router_target_alpha,validation,count_within_radius,null,97
router_target_alpha,validation,nearest_category,null,827
router_target_alpha,validation,nearest_of_two_categories,null,205
router_target_alpha,validation,spatial_multi_constraint,null,191
router_target_alpha,validation,two_hop_nearest,null,210
router_target_alpha,validation,within_radius_yes_no,null,280
second_hop_category,test,cardinal_direction,null,397
second_hop_category,test,closer_of_two,null,264
second_hop_category,test,count_within_radius,null,89
second_hop_category,test,nearest_category,null,759
second_hop_category,test,nearest_of_two_categories,null,186
second_hop_category,test,spatial_multi_constraint,null,173
second_hop_category,test,two_hop_nearest,nonnull,188
second_hop_category,test,within_radius_yes_no,null,276
second_hop_category,train,cardinal_direction,null,3267
second_hop_category,train,closer_of_two,null,2167
second_hop_category,train,count_within_radius,null,701
second_hop_category,train,nearest_category,null,6588
second_hop_category,train,nearest_of_two_categories,null,1591
second_hop_category,train,spatial_multi_constraint,null,1478
second_hop_category,train,two_hop_nearest,nonnull,1603
second_hop_category,train,within_radius_yes_no,null,2202
second_hop_category,validation,cardinal_direction,null,409
second_hop_category,validation,closer_of_two,null,283
second_hop_category,validation,count_within_radius,null,97
second_hop_category,validation,nearest_category,null,827
second_hop_category,validation,nearest_of_two_categories,null,205
second_hop_category,validation,spatial_multi_constraint,null,191
second_hop_category,validation,two_hop_nearest,nonnull,210
second_hop_category,validation,within_radius_yes_no,null,280
short_target,test,cardinal_direction,nonnull,397
short_target,test,closer_of_two,nonnull,264
short_target,test,count_within_radius,nonnull,89
short_target,test,nearest_category,nonnull,759
short_target,test,nearest_of_two_categories,nonnull,186
short_target,test,spatial_multi_constraint,nonnull,173
short_target,test,two_hop_nearest,nonnull,188
short_target,test,within_radius_yes_no,nonnull,276
short_target,train,cardinal_direction,nonnull,3267
short_target,train,closer_of_two,nonnull,2167
short_target,train,count_within_radius,nonnull,701
short_target,train,nearest_category,nonnull,6588
short_target,train,nearest_of_two_categories,nonnull,1591
short_target,train,spatial_multi_constraint,nonnull,1478
short_target,train,two_hop_nearest,nonnull,1603
short_target,train,within_radius_yes_no,nonnull,2202
short_target,validation,cardinal_direction,nonnull,409
short_target,validation,closer_of_two,nonnull,283
short_target,validation,count_within_radius,nonnull,97
short_target,validation,nearest_category,nonnull,827
short_target,validation,nearest_of_two_categories,nonnull,205
short_target,validation,spatial_multi_constraint,nonnull,191
short_target,validation,two_hop_nearest,nonnull,210
short_target,validation,within_radius_yes_no,nonnull,280
sources,test,cardinal_direction,nonnull,397
sources,test,closer_of_two,nonnull,264
sources,test,count_within_radius,nonnull,89
sources,test,nearest_category,nonnull,759
sources,test,nearest_of_two_categories,nonnull,186
sources,test,spatial_multi_constraint,nonnull,173
sources,test,two_hop_nearest,nonnull,188
sources,test,within_radius_yes_no,nonnull,276
sources,train,cardinal_direction,nonnull,3267
sources,train,closer_of_two,nonnull,2167
sources,train,count_within_radius,nonnull,701
sources,train,nearest_category,nonnull,6588
sources,train,nearest_of_two_categories,nonnull,1591
sources,train,spatial_multi_constraint,nonnull,1478
sources,train,two_hop_nearest,nonnull,1603
sources,train,within_radius_yes_no,nonnull,2202
sources,validation,cardinal_direction,nonnull,409
sources,validation,closer_of_two,nonnull,283
sources,validation,count_within_radius,nonnull,97
sources,validation,nearest_category,nonnull,827
sources,validation,nearest_of_two_categories,nonnull,205
sources,validation,spatial_multi_constraint,nonnull,191
sources,validation,two_hop_nearest,nonnull,210
sources,validation,within_radius_yes_no,nonnull,280
split,test,cardinal_direction,nonnull,397
split,test,closer_of_two,nonnull,264
split,test,count_within_radius,nonnull,89
split,test,nearest_category,nonnull,759
split,test,nearest_of_two_categories,nonnull,186
split,test,spatial_multi_constraint,nonnull,173
split,test,two_hop_nearest,nonnull,188
split,test,within_radius_yes_no,nonnull,276
split,train,cardinal_direction,nonnull,3267
split,train,closer_of_two,nonnull,2167
split,train,count_within_radius,nonnull,701
split,train,nearest_category,nonnull,6588
split,train,nearest_of_two_categories,nonnull,1591
split,train,spatial_multi_constraint,nonnull,1478
split,train,two_hop_nearest,nonnull,1603
split,train,within_radius_yes_no,nonnull,2202
split,validation,cardinal_direction,nonnull,409
split,validation,closer_of_two,nonnull,283
split,validation,count_within_radius,nonnull,97
split,validation,nearest_category,nonnull,827
split,validation,nearest_of_two_categories,nonnull,205
split,validation,spatial_multi_constraint,nonnull,191
split,validation,two_hop_nearest,nonnull,210
split,validation,within_radius_yes_no,nonnull,280
target_category,test,cardinal_direction,null,397
target_category,test,closer_of_two,null,264
target_category,test,count_within_radius,null,89
target_category,test,nearest_category,null,759
target_category,test,nearest_of_two_categories,null,186
target_category,test,spatial_multi_constraint,nonnull,173
target_category,test,two_hop_nearest,null,188
target_category,test,within_radius_yes_no,null,276
target_category,train,cardinal_direction,null,3267
target_category,train,closer_of_two,null,2167
target_category,train,count_within_radius,null,701
target_category,train,nearest_category,null,6588
target_category,train,nearest_of_two_categories,null,1591
target_category,train,spatial_multi_constraint,nonnull,1478
target_category,train,two_hop_nearest,null,1603
target_category,train,within_radius_yes_no,null,2202
target_category,validation,cardinal_direction,null,409
target_category,validation,closer_of_two,null,283
target_category,validation,count_within_radius,null,97
target_category,validation,nearest_category,null,827
target_category,validation,nearest_of_two_categories,null,205
target_category,validation,spatial_multi_constraint,nonnull,191
target_category,validation,two_hop_nearest,null,210
target_category,validation,within_radius_yes_no,null,280
task_type,test,cardinal_direction,nonnull,397
task_type,test,closer_of_two,nonnull,264
task_type,test,count_within_radius,nonnull,89
task_type,test,nearest_category,nonnull,759
task_type,test,nearest_of_two_categories,nonnull,186
task_type,test,spatial_multi_constraint,nonnull,173
task_type,test,two_hop_nearest,nonnull,188
task_type,test,within_radius_yes_no,nonnull,276
task_type,train,cardinal_direction,nonnull,3267
task_type,train,closer_of_two,nonnull,2167
task_type,train,count_within_radius,nonnull,701
task_type,train,nearest_category,nonnull,6588
task_type,train,nearest_of_two_categories,nonnull,1591
task_type,train,spatial_multi_constraint,nonnull,1478
task_type,train,two_hop_nearest,nonnull,1603
task_type,train,within_radius_yes_no,nonnull,2202
task_type,validation,cardinal_direction,nonnull,409
task_type,validation,closer_of_two,nonnull,283
task_type,validation,count_within_radius,nonnull,97
task_type,validation,nearest_category,nonnull,827
task_type,validation,nearest_of_two_categories,nonnull,205
task_type,validation,spatial_multi_constraint,nonnull,191
task_type,validation,two_hop_nearest,nonnull,210
task_type,validation,within_radius_yes_no,nonnull,280
verified_rationale,test,cardinal_direction,nonnull,397
verified_rationale,test,closer_of_two,nonnull,264
verified_rationale,test,count_within_radius,nonnull,89
verified_rationale,test,nearest_category,nonnull,759
verified_rationale,test,nearest_of_two_categories,nonnull,186
verified_rationale,test,spatial_multi_constraint,nonnull,173
verified_rationale,test,two_hop_nearest,nonnull,188
verified_rationale,test,within_radius_yes_no,nonnull,276
verified_rationale,train,cardinal_direction,nonnull,3267
verified_rationale,train,closer_of_two,nonnull,2167
verified_rationale,train,count_within_radius,nonnull,701
verified_rationale,train,nearest_category,nonnull,6588
verified_rationale,train,nearest_of_two_categories,nonnull,1591
verified_rationale,train,spatial_multi_constraint,nonnull,1478
verified_rationale,train,two_hop_nearest,nonnull,1603
verified_rationale,train,within_radius_yes_no,nonnull,2202
verified_rationale,validation,cardinal_direction,nonnull,409
verified_rationale,validation,closer_of_two,nonnull,283
verified_rationale,validation,count_within_radius,nonnull,97
verified_rationale,validation,nearest_category,nonnull,827
verified_rationale,validation,nearest_of_two_categories,nonnull,205
verified_rationale,validation,spatial_multi_constraint,nonnull,191
verified_rationale,validation,two_hop_nearest,nonnull,210
verified_rationale,validation,within_radius_yes_no,nonnull,280
wikidata_id,test,cardinal_direction,nonnull,397
wikidata_id,test,closer_of_two,nonnull,264
wikidata_id,test,count_within_radius,nonnull,89
wikidata_id,test,nearest_category,nonnull,759
wikidata_id,test,nearest_of_two_categories,nonnull,186
wikidata_id,test,spatial_multi_constraint,nonnull,173
wikidata_id,test,two_hop_nearest,nonnull,188
wikidata_id,test,within_radius_yes_no,nonnull,276
wikidata_id,train,cardinal_direction,nonnull,3267
wikidata_id,train,closer_of_two,nonnull,2167
wikidata_id,train,count_within_radius,nonnull,701
wikidata_id,train,nearest_category,nonnull,6588
wikidata_id,train,nearest_of_two_categories,nonnull,1591
wikidata_id,train,spatial_multi_constraint,nonnull,1478
wikidata_id,train,two_hop_nearest,nonnull,1603
wikidata_id,train,within_radius_yes_no,nonnull,2202
wikidata_id,validation,cardinal_direction,nonnull,409
wikidata_id,validation,closer_of_two,nonnull,283
wikidata_id,validation,count_within_radius,nonnull,97
wikidata_id,validation,nearest_category,nonnull,827
wikidata_id,validation,nearest_of_two_categories,nonnull,205
wikidata_id,validation,spatial_multi_constraint,nonnull,191
wikidata_id,validation,two_hop_nearest,nonnull,210
wikidata_id,validation,within_radius_yes_no,nonnull,280
wikipedia_title,test,cardinal_direction,nonnull,397
wikipedia_title,test,closer_of_two,nonnull,264
wikipedia_title,test,count_within_radius,nonnull,89
wikipedia_title,test,nearest_category,nonnull,759
wikipedia_title,test,nearest_of_two_categories,nonnull,186
wikipedia_title,test,spatial_multi_constraint,nonnull,173
wikipedia_title,test,two_hop_nearest,nonnull,188
wikipedia_title,test,within_radius_yes_no,nonnull,276
wikipedia_title,train,cardinal_direction,nonnull,3267
wikipedia_title,train,closer_of_two,nonnull,2167
wikipedia_title,train,count_within_radius,nonnull,701
wikipedia_title,train,nearest_category,nonnull,6588
wikipedia_title,train,nearest_of_two_categories,nonnull,1591
wikipedia_title,train,spatial_multi_constraint,nonnull,1478
wikipedia_title,train,two_hop_nearest,nonnull,1603
wikipedia_title,train,within_radius_yes_no,nonnull,2202
wikipedia_title,validation,cardinal_direction,nonnull,409
wikipedia_title,validation,closer_of_two,nonnull,283
wikipedia_title,validation,count_within_radius,nonnull,97
wikipedia_title,validation,nearest_category,nonnull,827
wikipedia_title,validation,nearest_of_two_categories,nonnull,205
wikipedia_title,validation,spatial_multi_constraint,nonnull,191
wikipedia_title,validation,two_hop_nearest,nonnull,210
wikipedia_title,validation,within_radius_yes_no,nonnull,280
